[
 [
  [
   0.5672503659757779,
   0.8988748379953573,
   -0.9627157091691847,
   -1.0471975511965976
  ],
  [
   -1.0471975511965976,
   0.10311492003073142,
   -0.559843708706807,
   -1.0471975511965976
  ],
  [
   0.19207605337784717,
   0.0005590236384336311,
   -0.5852455899542071,
   -0.5963716956587537
  ],
  [
   0.6910495709035633,
   0.9703292338384857,
   1.0471975511965976,
   -1.0471975511965976
  ],
  [
   1.0471975511965976,
   1.0471975511965976,
   -0.7673144230545231,
   -0.30909826849171435
  ],
  [
   -1.0471975511965976,
   -0.5578938052412503,
   0.767626387244128,
   0.155138029367883
  ],
  [
   -0.00914380892377592,
   -0.7597324660068261,
   1.0471975511965976,
   -0.16632192532149415
  ],
  [
   -0.24525351071785328,
   -0.9570896105383037,
   0.6395628580199304,
   -0.02757862098889302
  ],
  [
   1.0471975511965976,
   -1.0471975511965976,
   -0.2480865288193318,
   -1.0471975511965976
  ],
  [
   0.25002198582336,
   -0.19527757349477254,
   -0.5237267727583435,
   1.0471975511965976
  ],
  [
   -0.5925018544695397,
   0.7494205180346483,
   0.10377087278934471,
   1.0471975511965976
  ],
  [
   -1.0471975511965976,
   0.49005679388325984,
   -1.005497978561238,
   0.08845382778433275
  ],
  [
   1.0471975511965976,
   -1.0471975511965976,
   -0.22334360649970797,
   1.0471975511965976
  ],
  [
   -0.5400369035176582,
   0.24233860924813744,
   0.6109083479095405,
   0.759709819243312
  ],
  [
   -0.7079796348535637,
   -0.6520745065093954,
   -0.07501257530033756,
   1.0471975511965976
  ],
  [
   0.9501699823993992,
   0.8323523818484606,
   -0.4369211556603222,
   0.8351796472058116
  ],
  [
   -0.721789452550197,
   0.19670233101197743,
   1.0471975511965976,
   -1.0471975511965976
  ],
  [
   1.0325401864667185,
   -0.781311569855692,
   0.5563652644045661,
   1.0471975511965976
  ],
  [
   1.0471975511965976,
   0.036459494663385425,
   -1.0471975511965976,
   -0.9112550834257962
  ],
  [
   1.0471975511965976,
   -0.6966794834752883,
   0.24398293465057738,
   0.2473254713243962
  ],
  [
   -0.8309945072645827,
   0.8343633848306984,
   0.6850458407119651,
   -1.0471975511965976
  ],
  [
   -0.6117554534818027,
   -0.3584491349929267,
   -0.3902098298365648,
   -0.9932575418656165
  ],
  [
   -0.5863204784906745,
   1.0000998725934358,
   -0.7883040236748827,
   -0.4565228257922765
  ],
  [
   0.03231658761676537,
   1.0471975511965976,
   0.7953833623242358,
   -1.0471975511965976
  ],
  [
   1.0471975511965976,
   1.0471975511965976,
   1.0471975511965976,
   -0.5131577168242886
  ],
  [
   -0.027030727650708408,
   0.062398373528969556,
   0.4659235444825378,
   1.0471975511965976
  ],
  [
   0.7665490831843944,
   -0.563054746285311,
   0.5909197284317094,
   0.2334019869133662
  ],
  [
   -0.7858625708726374,
   -0.6726776892298034,
   1.0471975511965976,
   -1.017999560373401
  ],
  [
   -0.9293729690166753,
   -1.0471975511965976,
   -1.0471975511965976,
   1.0471975511965976
  ],
  [
   0.5010864966509622,
   -0.0666975251023032,
   -0.03044257414104795,
   -0.6937053545355065
  ],
  [
   0.4816401903726261,
   -0.6470432770095181,
   -1.0471975511965976,
   1.0471975511965976
  ],
  [
   -0.6703022121399553,
   0.5395740484656586,
   -0.44158502964852997,
   -1.0471975511965976
  ],
  [
   0.6269334032737583,
   0.42424997673435483,
   0.04473968203905032,
   0.28052682604653867
  ],
  [
   0.898890072248947,
   -0.16935366421276077,
   1.0471975511965976,
   -0.8908015814722696
  ],
  [
   -1.0471975511965976,
   -0.7784612982365932,
   1.0295423567908446,
   -0.9122767236462629
  ],
  [
   1.0077576373015134,
   -0.5800979145420314,
   -0.3008073121447741,
   -1.0471975511965976
  ],
  [
   -0.5646767967142294,
   -0.05864727067795028,
   -0.30757922702478613,
   -0.999496420538849
  ],
  [
   -0.6284852271556982,
   0.7547749692950334,
   0.0853393038858547,
   -1.0471975511965976
  ],
  [
   -0.3676615145298834,
   -0.5095830164257864,
   -0.9560090556733661,
   -1.0471975511965976
  ],
  [
   -1.0471975511965976,
   -0.41145418572208503,
   -0.7819186754030079,
   -0.09267853748830535
  ],
  [
   -0.38164583343345604,
   -0.24336230212007293,
   1.0471975511965976,
   -0.3758585799233757
  ],
  [
   1.0471975511965976,
   1.0471975511965976,
   -1.0471975511965976,
   -1.0471975511965976
  ],
  [
   -1.0471975511965976,
   1.0471975511965976,
   -0.34786721577659674,
   -1.0471975511965976
  ],
  [
   -1.0471975511965976,
   -0.642047819115362,
   -1.0471975511965976,
   -0.7381018727304758
  ],
  [
   -0.1302531035848622,
   1.0471975511965976,
   -0.8780907349903364,
   0.7298517430027718
  ],
  [
   -1.0471975511965976,
   1.0471975511965976,
   -1.0471975511965976,
   -0.24792576191600557
  ],
  [
   1.0471975511965976,
   1.0471975511965976,
   -1.0471975511965976,
   -1.0471975511965976
  ],
  [
   0.35462367800859074,
   -0.14796557278548617,
   -0.8458395599988161,
   -0.7956287597271996
  ],
  [
   1.0471975511965976,
   0.014419093181239573,
   0.5789753792512962,
   -1.0471975511965976
  ],
  [
   0.46067258290592794,
   1.0471975511965976,
   -0.9151188286780049,
   1.0471975511965976
  ],
  [
   1.0471975511965976,
   0.5735039703178275,
   0.20721736367289378,
   1.0471975511965976
  ],
  [
   -0.14379130089982894,
   -1.017848948725762,
   1.0471975511965976,
   -1.0471975511965976
  ],
  [
   -1.0471975511965976,
   -1.0471975511965976,
   0.11749891596887524,
   -0.6276837401602677
  ],
  [
   -0.4916166246086291,
   -1.0471975511965976,
   1.0471975511965976,
   -1.0471975511965976
  ],
  [
   -0.9147930150424501,
   -1.0471975511965976,
   1.0471975511965976,
   -0.7619896931892767
  ],
  [
   -0.5167498725007846,
   1.0471975511965976,
   -1.0471975511965976,
   -1.0450849836474183
  ],
  [
   -1.0386485018266491,
   -1.0471975511965976,
   1.0471975511965976,
   -0.5410324417319938
  ],
  [
   0.3119025544249642,
   -1.0471975511965976,
   1.0471975511965976,
   -1.0471975511965976
  ],
  [
   1.0471975511965976,
   -0.747364847538413,
   0.027398498412411876,
   0.37871620113597015
  ],
  [
   -1.0471975511965976,
   -0.4453248160212813,
   -0.5371582388816514,
   -0.4161422725649423
  ],
  [
   0.1553572773527639,
   1.0471975511965976,
   -1.0471975511965976,
   -1.0471975511965976
  ],
  [
   0.7139099549765995,
   1.0471975511965976,
   -0.27965272655855855,
   -1.0471975511965976
  ],
  [
   1.0471975511965976,
   1.0471975511965976,
   0.41961099258944734,
   -1.0471975511965976
  ],
  [
   -0.5201450493608717,
   -0.7907373983928941,
   0.7096961748789983,
   -0.9953481783929171
  ],
  [
   -1.0471975511965976,
   1.0471975511965976,
   -0.2567544250492353,
   -0.7198470535901096
  ],
  [
   -0.19447774983109756,
   -0.8263161410260869,
   1.0471975511965976,
   -0.32387642278962825
  ],
  [
   -0.6143364340455321,
   0.554943866119719,
   -0.6538030464225064,
   0.1257839211691778
  ],
  [
   -0.20285938711577445,
   -0.241148511784541,
   1.0471975511965976,
   -1.0471975511965976
  ],
  [
   1.0471975511965976,
   -1.0471975511965976,
   1.0471975511965976,
   1.0471975511965976
  ],
  [
   -0.05867290374083578,
   0.07690241867583236,
   0.9192625490513097,
   -0.6427507116253445
  ],
  [
   -1.0471975511965976,
   0.8471448603722675,
   -1.0471975511965976,
   -0.7671964118421758
  ],
  [
   0.4927648149217152,
   -1.0471975511965976,
   0.5212114069894035,
   -1.0471975511965976
  ],
  [
   -1.0090537223169787,
   1.0471975511965976,
   -0.2523637072077176,
   0.9696070231480713
  ],
  [
   -0.10426186332614114,
   -0.33659103875103535,
   0.3856569062088864,
   -0.25662117330757706
  ],
  [
   -0.7940368009743098,
   1.0471975511965976,
   -1.0471975511965976,
   -1.0471975511965976
  ],
  [
   -1.0471975511965976,
   0.5504929674162063,
   -0.057005526465311984,
   -1.0471975511965976
  ],
  [
   1.0471975511965976,
   1.0471975511965976,
   1.0471975511965976,
   -0.9609247682647151
  ],
  [
   -1.0471975511965976,
   -0.039978183228778885,
   0.16274842523207456,
   -0.8685481271991451
  ],
  [
   -1.0120113187125894,
   -1.0471975511965976,
   -1.0471975511965976,
   0.7340587507405113
  ],
  [
   -0.20876649221287455,
   1.0471975511965976,
   1.0471975511965976,
   0.013007701994151799
  ]
 ],
 [
  [
   0.647247989129085,
   1.0471975511965976,
   -0.8807102733057608,
   -1.0471975511965976
  ],
  [
   1.0267003562002928,
   0.7517822542817889,
   -1.0471975511965976,
   -0.5104573678534232
  ],
  [
   -0.4324344160745239,
   1.0471975511965976,
   0.2936936237498192,
   -1.0471975511965976
  ],
  [
   -0.36902289089226775,
   1.0471975511965976,
   1.0471975511965976,
   -0.18329932120723025
  ],
  [
   -0.7271838662733748,
   0.5092263196382909,
   1.0471975511965976,
   -1.0471975511965976
  ],
  [
   0.80483260019986,
   -1.0471975511965976,
   1.0471975511965976,
   -1.0471975511965976
  ],
  [
   1.0471975511965976,
   -1.0471975511965976,
   1.0471975511965976,
   -0.22730231143567708
  ],
  [
   -1.0471975511965976,
   -0.9741838296056553,
   0.2887855857293604,
   -0.3204911636397294
  ],
  [
   1.0471975511965976,
   -0.5825248416323303,
   -1.0471975511965976,
   -1.0471975511965976
  ],
  [
   1.0471975511965976,
   1.0471975511965976,
   0.2992308008247846,
   1.0471975511965976
  ],
  [
   0.9029968236608539,
   1.0471975511965976,
   0.847811268722645,
   0.7964722770100034
  ],
  [
   -0.3463454273687393,
   0.8464263913726611,
   0.38673517116004175,
   1.0471975511965976
  ],
  [
   -0.9124976891524599,
   -0.7733851380461366,
   1.0471975511965976,
   -0.17528883259399847
  ],
  [
   -1.0471975511965976,
   1.04003076947305,
   -0.9912630835215205,
   -0.3535831017037082
  ],
  [
   -1.0471975511965976,
   -0.8656637599298707,
   -1.0471975511965976,
   0.004447091206643328
  ],
  [
   1.0471975511965976,
   -0.6339632248822256,
   0.4969376235207663,
   -0.6520703637981589
  ],
  [
   -0.9199996859907899,
   0.5323987866634383,
   -1.0471975511965976,
   -0.8743560111021496
  ],
  [
   -1.0471975511965976,
   0.05275735225335182,
   -1.0471975511965976,
   0.7820960353271295
  ],
  [
   -1.0471975511965976,
   1.0471975511965976,
   0.06819665730472124,
   -1.0471975511965976
  ],
  [
   0.21058072921079796,
   -0.055078613243942476,
   1.0471975511965976,
   1.0471975511965976
  ],
  [
   -0.6079627599997819,
   0.2166356441792583,
   0.5507486862002112,
   -1.0471975511965976
  ],
  [
   0.31814665531975406,
   -1.0471975511965976,
   -1.0471975511965976,
   -0.21023379484220195
  ],
  [
   -0.9879599898537392,
   1.0097051018954273,
   0.43061622875374284,
   0.38584857019763674
  ],
  [
   -0.4384127671967908,
   1.0471975511965976,
   0.2860194829396522,
   -1.0471975511965976
  ],
  [
   -1.0471975511965976,
   0.9993153917367291,
   -0.9807609376574115,
   -0.3893857183244578
  ],
  [
   -0.4053207240093494,
   1.0471975511965976,
   -0.7776431293234325,
   -0.6167244188622147
  ],
  [
   1.0471975511965976,
   -1.0471975511965976,
   0.06967995078798414,
   0.17989901831041266
  ],
  [
   0.9137913842911215,
   -0.3420439425620585,
   0.28058887535062216,
   -0.34855349177447537
  ],
  [
   -1.0471975511965976,
   -0.7223266803269563,
   -1.0471975511965976,
   -0.0368531737940736
  ],
  [
   -0.2015536530198665,
   1.0471975511965976,
   -1.0177268832311257,
   -0.8001357881011182
  ],
  [
   0.32745347343607734,
   -1.0471975511965976,
   -1.0471975511965976,
   -1.0471975511965976
  ],
  [
   -0.9401014501223395,
   -1.0471975511965976,
   -1.0471975511965976,
   1.0471975511965976
  ],
  [
   -0.7274703791753909,
   1.0471975511965976,
   0.1778688474688308,
   -0.9641382124830926
  ],
  [
   -1.0471975511965976,
   0.5265242831295689,
   -1.0471975511965976,
   -1.0471975511965976
  ],
  [
   0.07086775758281227,
   0.26404908111995196,
   1.0471975511965976,
   -0.6194096642317629
  ],
  [
   0.6757254051346011,
   0.9872555747130953,
   -1.0471975511965976,
   -0.07311336641093424
  ],
  [
   -0.6843207757474427,
   -0.5231517662409744,
   0.1753645034900415,
   -0.6607868599855531
  ],
  [
   -1.0471975511965976,
   0.6633060440351538,
   -0.8202781027287354,
   -1.0471975511965976
  ],
  [
   0.3240519979289376,
   -1.0471975511965976,
   -1.0471975511965976,
   -1.0471975511965976
  ],
  [
   -0.5966369781498784,
   -0.9765029249210517,
   1.0471975511965976,
   0.4648570164648368
  ],
  [
   -0.0046614668094377976,
   -1.0471975511965976,
   -1.0471975511965976,
   0.25074006656238434
  ],
  [
   1.0289035857245623,
   1.0471975511965976,
   -1.0471975511965976,
   -1.0471975511965976
  ],
  [
   -1.0471975511965976,
   -0.007797098965678151,
   -1.0471975511965976,
   -0.8515068727240617
  ],
  [
   -1.0471975511965976,
   1.0471975511965976,
   -0.34031577063151863,
   0.6284312388506643
  ],
  [
   1.0471975511965976,
   0.9409489966240172,
   -0.08089361886091895,
   0.3997838023142583
  ],
  [
   0.6878103235665374,
   -0.4248915471309928,
   -0.5664303255521235,
   -1.0471975511965976
  ],
  [
   0.7839403716683832,
   -0.604007667307372,
   1.0471975511965976,
   -1.0063208844537042
  ],
  [
   0.7107717755600262,
   0.3221654712902831,
   1.0471975511965976,
   -0.6350271309760311
  ],
  [
   0.14368495208759197,
   -0.3437956308809236,
   -0.41103540661953264,
   -0.6700597061560261
  ],
  [
   0.46977725668104775,
   0.8545378263765492,
   0.5657988868548152,
   1.0471975511965976
  ],
  [
   0.3698380315920468,
   0.18792097478148717,
   -1.0471975511965976,
   -0.9800581899110695
  ],
  [
   -0.40131932403082493,
   -0.22867327989432917,
   -0.5105331192644668,
   -1.0471975511965976
  ],
  [
   -1.0471975511965976,
   -1.0471975511965976,
   0.08069694352702184,
   0.9617783372197456
  ],
  [
   -0.06806301301932194,
   1.0471975511965976,
   0.3014530525725757,
   0.2046756134392853
  ],
  [
   -0.20058817994522382,
   -1.0471975511965976,
   -1.0471975511965976,
   -1.0471975511965976
  ],
  [
   -0.7118278087109655,
   -1.0471975511965976,
   0.5007421286667764,
   -0.15950011477279252
  ],
  [
   -1.0471975511965976,
   -0.6230365745231141,
   0.1300701049515907,
   -0.8118208827220335
  ],
  [
   0.7261013492365327,
   1.0471975511965976,
   0.7187266701409392,
   -0.9374717741731351
  ],
  [
   0.35231851634760863,
   0.3608396504760921,
   1.0471975511965976,
   1.0471975511965976
  ],
  [
   -0.6097250112422442,
   0.7617165505050766,
   -0.5035242873153535,
   -1.0471975511965976
  ],
  [
   1.0471975511965976,
   1.0471975511965976,
   1.0471975511965976,
   1.0471975511965976
  ],
  [
   -1.0471975511965976,
   1.0162022157624602,
   0.551538043687354,
   -1.0471975511965976
  ],
  [
   1.0471975511965976,
   -1.0471975511965976,
   0.12129658089671691,
   -0.9207332758657414
  ],
  [
   -1.0471975511965976,
   0.3861310548012594,
   1.0471975511965976,
   -0.5205719482659458
  ],
  [
   0.36249551266371616,
   0.5810548693595625,
   -0.17989497448178265,
   -1.0471975511965976
  ],
  [
   -0.8638516978443648,
   -0.864370204652849,
   -0.13849884345799568,
   0.2058958177223483
  ],
  [
   -0.7545356718567198,
   1.0471975511965976,
   0.9273475288711708,
   1.0471975511965976
  ],
  [
   0.3160596813409446,
   1.0471975511965976,
   0.8835481782505592,
   -0.756800695904569
  ],
  [
   0.07863711532113704,
   1.0471975511965976,
   0.1063163483427827,
   0.07822396326083703
  ],
  [
   -1.0471975511965976,
   -0.5879782070645561,
   0.15323896078634047,
   -1.0471975511965976
  ],
  [
   0.9324309288113605,
   -0.1293276292755301,
   -1.0471975511965976,
   1.0471975511965976
  ],
  [
   -0.4510990839232112,
   -1.0471975511965976,
   1.0471975511965976,
   1.0471975511965976
  ],
  [
   1.0471975511965976,
   -1.0471975511965976,
   -0.48415861144018296,
   0.6818945684357557
  ],
  [
   -0.47923298028766903,
   0.5361047653484508,
   -1.0471975511965976,
   -1.0471975511965976
  ],
  [
   -0.32317524927212876,
   0.3973442333006417,
   0.20312476423127723,
   -1.0471975511965976
  ],
  [
   -1.0471975511965976,
   0.645405894686462,
   -1.0471975511965976,
   -0.7619489650098548
  ],
  [
   -0.15203507571928065,
   -0.024974399970293104,
   0.9227393571410033,
   -1.0471975511965976
  ],
  [
   -0.4590276019142283,
   0.8254338612264243,
   0.09914958929807588,
   -1.0471975511965976
  ],
  [
   -0.9347416928127372,
   -0.792228386094741,
   0.0009171436255139831,
   0.9261464401504697
  ],
  [
   1.0471975511965976,
   -0.076473578874233,
   -0.08347474721166731,
   -0.9275243490085745
  ]
 ],
 [
  [
   1.0471975511965976,
   0.46564143546756,
   -1.0471975511965976,
   -0.9625567417465702
  ],
  [
   0.4028635110911878,
   1.0471975511965976,
   -0.3829053276740595,
   -0.7799777180200521
  ],
  [
   1.0471975511965976,
   1.0471975511965976,
   -1.0471975511965976,
   -1.0471975511965976
  ],
  [
   -1.0471975511965976,
   0.6819152451640832,
   -1.0471975511965976,
   -0.37132087575828415
  ],
  [
   0.038163453741808406,
   0.8860777185105262,
   0.10560366659021314,
   -0.5722431826148308
  ],
  [
   -1.0471975511965976,
   1.0471975511965976,
   0.7462944913369598,
   0.7729880953342276
  ],
  [
   0.3420135664585501,
   -0.9784516765130499,
   1.0165207272118852,
   -0.050775934870362915
  ],
  [
   0.5237991908513723,
   -0.7852979177298933,
   1.0471975511965976,
   -1.0471975511965976
  ],
  [
   1.0471975511965976,
   -1.0471975511965976,
   -1.0471975511965976,
   -0.5267481751920902
  ],
  [
   0.32698574680964454,
   -0.4095341293335327,
   0.7260244960321363,
   -0.9816470771302028
  ],
  [
   -0.7749271608005985,
   0.26898911337941767,
   1.0471975511965976,
   1.0471975511965976
  ],
  [
   -0.44900468889196,
   0.10095948859109471,
   -1.0471975511965976,
   0.27293486522204985
  ],
  [
   0.9621245457414209,
   -1.0471975511965976,
   -0.4533383620664451,
   -0.45479015452832117
  ],
  [
   -0.7255976275046265,
   1.0471975511965976,
   -0.7614629253551879,
   -0.18334753097330259
  ],
  [
   -0.8573640847501093,
   -0.4121579505301853,
   0.504980306833789,
   -1.0471975511965976
  ],
  [
   -1.0471975511965976,
   0.5902675763610934,
   -1.0471975511965976,
   0.1701954762198974
  ],
  [
   0.23854605181984956,
   1.0471975511965976,
   -0.6418406945977899,
   -0.6356348417554532
  ],
  [
   0.7453507067938614,
   -0.8251038397457313,
   -0.7247125239312324,
   0.9676588087204312
  ],
  [
   0.8332636970685319,
   0.1262461143583259,
   1.0471975511965976,
   -1.0164186566668116
  ],
  [
   1.0471975511965976,
   -1.0471975511965976,
   1.0471975511965976,
   0.10672037175660998
  ],
  [
   -1.0471975511965976,
   0.6679955890985649,
   -0.6020499730286091,
   -0.3349199357887449
  ],
  [
   0.03495525950872902,
   -0.3513677116142908,
   -1.0471975511965976,
   -1.0471975511965976
  ],
  [
   -0.15678118581230083,
   -0.674712625659023,
   0.03330247683750587,
   -0.2580213445548525
  ],
  [
   -0.6083468563863298,
   0.4898843258403608,
   1.0471975511965976,
   -0.532961469330109
  ],
  [
   1.0471975511965976,
   -0.5340280274360367,
   0.7356655414478374,
   -1.0471975511965976
  ],
  [
   -0.17043655980992334,
   0.5801672435352978,
   -1.0471975511965976,
   0.07626776204117802
  ],
  [
   1.0471975511965976,
   -1.0471975511965976,
   -1.0471975511965976,
   0.5307684527535051
  ],
  [
   -0.853002442951939,
   0.30570610818579413,
   0.9890814589996841,
   0.22408823447078152
  ],
  [
   -1.0471975511965976,
   -1.0471975511965976,
   -1.0471975511965976,
   0.6482480711750387
  ],
  [
   0.508140426311376,
   1.0471975511965976,
   -1.0471975511965976,
   -0.4249489570836513
  ],
  [
   0.1911755138985396,
   -0.9569067339063423,
   -0.34093520352114814,
   0.37469457317757404
  ],
  [
   -0.41920702592111114,
   -1.0471975511965976,
   0.34977046084957697,
   -0.8269372428642119
  ],
  [
   1.0471975511965976,
   -1.0471975511965976,
   0.2939989546964129,
   0.17746734675280185
  ],
  [
   -0.9181039481216359,
   -0.35447149764415087,
   -1.0471975511965976,
   -1.0471975511965976
  ],
  [
   -1.0471975511965976,
   -0.6801949583091369,
   1.0471975511965976,
   -1.0471975511965976
  ],
  [
   1.0471975511965976,
   1.0471975511965976,
   1.0471975511965976,
   -1.0471975511965976
  ],
  [
   -0.0955768937147452,
   -0.5972398357606947,
   0.6615686632537786,
   -1.0471975511965976
  ],
  [
   -1.0471975511965976,
   0.8808305407593584,
   -0.1790951930245448,
   -0.9395381965104106
  ],
  [
   0.14948275357385388,
   -0.8461280009472912,
   -1.0471975511965976,
   -1.0471975511965976
  ],
  [
   -0.5936074710428678,
   -0.38555061715778993,
   -0.04486082607131614,
   -0.395929100433583
  ],
  [
   -0.4681515732498676,
   -1.0471975511965976,
   -0.9625130337468828,
   -1.0471975511965976
  ],
  [
   1.0471975511965976,
   1.0471975511965976,
   -0.7976228745897059,
   -1.0471975511965976
  ],
  [
   -0.8563104223569222,
   0.8187664504073346,
   -0.7671044047771618,
   -1.0471975511965976
  ],
  [
   -1.0471975511965976,
   -1.0471975511965976,
   -0.9422252655693971,
   -1.0471975511965976
  ],
  [
   1.0471975511965976,
   0.26177315597538386,
   1.0471975511965976,
   -0.5350201705199988
  ],
  [
   -1.0471975511965976,
   0.09119114655682048,
   -1.0471975511965976,
   0.1204857378827664
  ],
  [
   1.0471975511965976,
   0.765230232962159,
   -1.0471975511965976,
   -1.0471975511965976
  ],
  [
   -0.8984056830174223,
   -0.8630926840051613,
   1.0471975511965976,
   -0.5140715510217309
  ],
  [
   1.0471975511965976,
   -1.0471975511965976,
   1.0471975511965976,
   -1.0471975511965976
  ],
  [
   1.0471975511965976,
   1.0471975511965976,
   -0.6761963422289952,
   1.0471975511965976
  ],
  [
   0.24167884062722933,
   1.0471975511965976,
   0.12568241526085844,
   1.0471975511965976
  ],
  [
   1.0471975511965976,
   -1.0471975511965976,
   1.0471975511965976,
   -1.0471975511965976
  ],
  [
   -1.0471975511965976,
   -0.9507326190074898,
   0.4443932449945323,
   0.4691430273040509
  ],
  [
   0.7021099234549615,
   -1.0471975511965976,
   1.0471975511965976,
   -0.30366458516596695
  ],
  [
   -1.0471975511965976,
   -1.0471975511965976,
   0.49575730947279645,
   -0.9972493893560055
  ],
  [
   -0.3886636182369524,
   1.0471975511965976,
   -0.936552276051503,
   -0.527939617270231
  ],
  [
   0.8646117780596245,
   -0.511533434827159,
   1.0471975511965976,
   -0.31619178478079024
  ],
  [
   -0.32757471550610207,
   1.0471975511965976,
   0.5308991339121898,
   -1.0471975511965976
  ],
  [
   0.6708040528379746,
   -0.9863939473957932,
   0.15249915672617254,
   -1.0471975511965976
  ],
  [
   -1.0471975511965976,
   -0.5856777068487931,
   -0.8361446156445332,
   -0.12202585212464989
  ],
  [
   0.3384714916454529,
   1.0471975511965976,
   0.7324280963570995,
   -1.0471975511965976
  ],
  [
   -0.35121619141267235,
   0.6867137848920257,
   0.9402843112556746,
   -0.7876330596960018
  ],
  [
   1.0471975511965976,
   -1.0471975511965976,
   1.0471975511965976,
   -1.0471975511965976
  ],
  [
   0.3041205675798908,
   -0.6602899191819296,
   -0.15199824791258926,
   -1.0471975511965976
  ],
  [
   -0.7167696727554608,
   1.0471975511965976,
   -1.0471975511965976,
   -1.0471975511965976
  ],
  [
   -1.0402749946419894,
   0.1171170304590935,
   1.0471975511965976,
   1.0471975511965976
  ],
  [
   -0.21135582461166785,
   0.037679923596246084,
   -0.20227706453357108,
   0.6887047770752824
  ],
  [
   -0.8359518540382582,
   -1.0471975511965976,
   0.14393371646485487,
   -1.0471975511965976
  ],
  [
   0.9698665379248852,
   -1.0471975511965976,
   -0.510713184576651,
   1.0471975511965976
  ],
  [
   1.0471975511965976,
   1.0471975511965976,
   0.31357707085948905,
   -0.7218564532065332
  ],
  [
   -0.9590249300385228,
   -0.5844923606599182,
   -1.0471975511965976,
   -1.0471975511965976
  ],
  [
   -0.8731239029851938,
   -0.8151104594975752,
   1.0471975511965976,
   -1.0471975511965976
  ],
  [
   -0.9356178275663195,
   0.7484051420673512,
   1.0471975511965976,
   1.0471975511965976
  ],
  [
   -0.7368297528418581,
   0.28010366587490654,
   -0.5207457432929147,
   -1.0471975511965976
  ],
  [
   -1.0471975511965976,
   0.5378274422081816,
   -1.0471975511965976,
   -1.0471975511965976
  ],
  [
   -1.0471975511965976,
   1.0471975511965976,
   1.0471975511965976,
   1.0471975511965976
  ],
  [
   0.4880607135530939,
   0.5990788628751651,
   0.8886229996500933,
   -0.22480313398112362
  ],
  [
   -1.0471975511965976,
   1.0471975511965976,
   -1.0471975511965976,
   -1.0471975511965976
  ],
  [
   1.0471975511965976,
   -0.8765764298315555,
   -0.8582764903935687,
   1.0471975511965976
  ],
  [
   0.8521128228301307,
   0.02291303751000609,
   -0.11401794195511439,
   0.6665845083535668
  ]
 ],
 [
  [
   0.866379488421023,
   1.0471975511965976,
   -0.4900894803691046,
   -0.0021764286504522
  ],
  [
   -1.0471975511965976,
   1.0471975511965976,
   -0.8908726367069736,
   -1.0471975511965976
  ],
  [
   1.0471975511965976,
   0.6928504912151204,
   -0.6352866687234441,
   -0.14941135007284795
  ],
  [
   1.0471975511965976,
   0.8343663888634387,
   1.0471975511965976,
   -0.3727082503853165
  ],
  [
   0.1803734335652829,
   0.8485003525263836,
   0.9680284988058953,
   0.0693409063354713
  ],
  [
   -1.0471975511965976,
   -0.7923009246659616,
   1.0471975511965976,
   -0.6769515337031876
  ],
  [
   0.48423591862203363,
   -0.5823380267735425,
   0.807737091130294,
   1.0471975511965976
  ],
  [
   1.012585105940005,
   -0.28688905938120324,
   1.0471975511965976,
   0.8249516959003835
  ],
  [
   0.8541320575255434,
   -1.0471975511965976,
   0.6251916956834329,
   -0.8578783789974808
  ],
  [
   1.0471975511965976,
   -0.24416303479187537,
   -1.0471975511965976,
   -0.07268637370874886
  ],
  [
   -0.3945157075200368,
   1.0471975511965976,
   1.0471975511965976,
   1.0471975511965976
  ],
  [
   -1.0471975511965976,
   0.6390858044326246,
   -0.8271132369272197,
   -0.1606941619413524
  ],
  [
   1.0471975511965976,
   -0.9824198154351204,
   -1.0471975511965976,
   0.14502277484312354
  ],
  [
   -1.0471975511965976,
   0.9347215078210298,
   1.0471975511965976,
   1.0471975511965976
  ],
  [
   -0.19115300156235226,
   -1.0471975511965976,
   -0.5980658163188436,
   -0.5917216393422781
  ],
  [
   -1.0471975511965976,
   1.0471975511965976,
   -0.672895922247717,
   -0.2558860883272353
  ],
  [
   -0.7435547150483237,
   0.39159791533045046,
   1.0471975511965976,
   -1.0471975511965976
  ],
  [
   -0.3501700417336877,
   -1.0471975511965976,
   1.0471975511965976,
   0.3382093258059934
  ],
  [
   0.13621634190431486,
   -0.6543437513236199,
   -1.0471975511965976,
   -1.0471975511965976
  ],
  [
   0.5069267725964749,
   -0.10269303959488729,
   0.25165688245460094,
   -0.4004183998278985
  ],
  [
   -0.9746380844666799,
   1.0471975511965976,
   -1.0471975511965976,
   0.03131032956980806
  ],
  [
   -1.0471975511965976,
   -1.0471975511965976,
   -1.0471975511965976,
   -1.0471975511965976
  ],
  [
   -1.0471975511965976,
   0.9041082104946512,
   -0.6688960294400278,
   0.23880871877937265
  ],
  [
   -1.0471975511965976,
   -0.11682694943250327,
   0.03277988686556377,
   -1.0471975511965976
  ],
  [
   1.0471975511965976,
   -0.5839861853826609,
   1.0471975511965976,
   -0.24219385666334914
  ],
  [
   -1.0043275631127553,
   -0.029130031061502137,
   0.33547344644644006,
   1.0471975511965976
  ],
  [
   -0.7016008271952257,
   -1.0471975511965976,
   0.3579570134502496,
   0.9070811071338027
  ],
  [
   -0.8904227579537541,
   0.597429062558611,
   1.0471975511965976,
   -1.0359847948894838
  ],
  [
   -1.0471975511965976,
   -1.0471975511965976,
   -0.057602140367744026,
   0.8559986310091905
  ],
  [
   1.0471975511965976,
   0.38358571428965127,
   -1.0471975511965976,
   -0.013130587201249044
  ],
  [
   0.07390512103483932,
   -1.0471975511965976,
   -0.14074354302629563,
   1.0471975511965976
  ],
  [
   1.0471975511965976,
   0.2110362084846013,
   -0.22790815115489782,
   -1.0471975511965976
  ],
  [
   0.9975271551457899,
   -0.2598802011878263,
   -0.26959740265465304,
   1.0471975511965976
  ],
  [
   0.6290443177633502,
   0.3554660693746112,
   -1.0471975511965976,
   -1.0471975511965976
  ],
  [
   -1.0471975511965976,
   -1.0471975511965976,
   0.7748440214145274,
   -0.834135015266989
  ],
  [
   1.0471975511965976,
   -1.0471975511965976,
   1.0471975511965976,
   -1.0471975511965976
  ],
  [
   -0.6273045141653968,
   1.0471975511965976,
   1.0471975511965976,
   -0.752612463224685
  ],
  [
   -0.6191595108953156,
   0.9239048841892183,
   0.2505816347669304,
   -0.014810710637853886
  ],
  [
   1.0471975511965976,
   -0.7090360880029933,
   -1.0471975511965976,
   0.3653804784469983
  ],
  [
   -1.0060633287954328,
   -0.7914545183899628,
   -1.0471975511965976,
   -0.2776975946051408
  ],
  [
   0.8412060670445654,
   -0.4720925650208018,
   0.8305690787442808,
   -0.596876403231244
  ],
  [
   1.0471975511965976,
   1.0471975511965976,
   -0.4632849739549266,
   -1.0179901206983284
  ],
  [
   0.12409810104033514,
   1.0471975511965976,
   -1.0471975511965976,
   0.2166611910067755
  ],
  [
   -0.7709681345620866,
   -1.0471975511965976,
   -1.0471975511965976,
   0.5193712789516127
  ],
  [
   1.0471975511965976,
   1.0471975511965976,
   1.0471975511965976,
   1.0471975511965976
  ],
  [
   -0.05546363739373383,
   0.06050403391199281,
   -1.0471975511965976,
   -0.17260777008740807
  ],
  [
   1.0471975511965976,
   1.0471975511965976,
   -1.0471975511965976,
   -1.0471975511965976
  ],
  [
   -0.4307651822357452,
   0.4586998519235779,
   0.8355402571353359,
   -1.0471975511965976
  ],
  [
   1.0471975511965976,
   -0.5201587161034515,
   1.0471975511965976,
   -0.4400333977371965
  ],
  [
   0.13565811393759536,
   0.21998527350108532,
   -1.0471975511965976,
   1.0471975511965976
  ],
  [
   1.0471975511965976,
   0.6313623283975649,
   -0.4902230715343785,
   1.0471975511965976
  ],
  [
   1.0471975511965976,
   -0.6948516991274283,
   0.3700250758765522,
   -1.0471975511965976
  ],
  [
   -1.0471975511965976,
   -1.0471975511965976,
   0.9398714062962159,
   -1.0471975511965976
  ],
  [
   0.4149531175135045,
   -1.0471975511965976,
   0.6598498015256188,
   -0.3293758693062544
  ],
  [
   -0.9208268944530487,
   -1.0471975511965976,
   -0.4651667805135913,
   -1.0471975511965976
  ],
  [
   0.42197851325639757,
   0.7866168295896885,
   -1.0471975511965976,
   -1.0471975511965976
  ],
  [
   1.0471975511965976,
   -1.0471975511965976,
   1.0471975511965976,
   -0.9610158075419953
  ],
  [
   0.047961677622097465,
   1.0471975511965976,
   1.0120832026737339,
   -1.0471975511965976
  ],
  [
   0.3161156905746365,
   -1.0471975511965976,
   1.0471975511965976,
   -0.7676957466904442
  ],
  [
   -1.0471975511965976,
   0.1249292717565782,
   -0.6684618602172678,
   -0.49388501673036805
  ],
  [
   0.8220907010261838,
   1.0471975511965976,
   0.8060550444233634,
   -1.0471975511965976
  ],
  [
   0.834540386017036,
   1.0471975511965976,
   0.8821270954457546,
   -0.3670768702575135
  ],
  [
   -0.4862594436257306,
   1.0471975511965976,
   0.402379241458662,
   0.6273239823015611
  ],
  [
   -0.42205904882519985,
   -0.9491038651980216,
   1.0471975511965976,
   -1.0471975511965976
  ],
  [
   -1.0471975511965976,
   0.4828938323876495,
   0.6559118890785418,
   -0.9572983246635511
  ],
  [
   0.7724136233068479,
   0.819723362920902,
   1.0471975511965976,
   1.0471975511965976
  ],
  [
   -0.1363503858812875,
   -0.9628466907696841,
   -0.07896519268335052,
   1.0471975511965976
  ],
  [
   0.11251203133493193,
   0.9836039465401568,
   0.881222516515175,
   -1.0471975511965976
  ],
  [
   1.0471975511965976,
   -0.05680261361757899,
   -0.851110434060202,
   0.6878279143252473
  ],
  [
   -0.1830930603961795,
   0.5770137675220061,
   0.26392470292396,
   -1.0471975511965976
  ],
  [
   -1.0471975511965976,
   0.6470494614414177,
   -0.4784464801366197,
   -0.39511041714757267
  ],
  [
   -1.0471975511965976,
   -1.0471975511965976,
   0.22401299561992172,
   -0.708486556666559
  ],
  [
   -1.0471975511965976,
   1.0471975511965976,
   -0.6917580917347312,
   -0.11507600620775627
  ],
  [
   -0.47970974349082646,
   -0.3555041377491049,
   0.1048517813156925,
   -0.23870438485866094
  ],
  [
   -1.0075776422002214,
   1.0471975511965976,
   -0.29108745818415294,
   -1.0471975511965976
  ],
  [
   -1.0471975511965976,
   0.021881317171950077,
   0.9228570039185013,
   0.67763382165659
  ],
  [
   0.7445541948203711,
   1.0363116526744394,
   0.5897873543101979,
   -1.0471975511965976
  ],
  [
   -0.6632278828019853,
   0.8539259840171167,
   0.02748261089154483,
   -1.0471975511965976
  ],
  [
   0.14823089504502407,
   -1.0471975511965976,
   -0.9011132860094324,
   1.0471975511965976
  ],
  [
   0.9237522129057875,
   0.9389330944299554,
   1.0471975511965976,
   0.6602758420093209
  ]
 ],
 [
  [
   1.0471975511965976,
   0.36076387480136535,
   -1.0471975511965976,
   -0.6381413012083015
  ],
  [
   -0.14768623687905857,
   1.0471975511965976,
   0.19629939494623794,
   -0.06301035125438581
  ],
  [
   -0.6053631738256879,
   0.9236727284246018,
   -1.0471975511965976,
   -0.675912332290719
  ],
  [
   -0.7496931339813968,
   1.0471975511965976,
   0.5170805375952646,
   -0.3957930481784191
  ],
  [
   0.6326787231229308,
   0.5410284386320923,
   -1.0471975511965976,
   -0.8739613948814715
  ],
  [
   -1.0471975511965976,
   -0.9576362725043481,
   0.3915945305075366,
   1.0471975511965976
  ],
  [
   -0.4697177323421521,
   0.0049915720218727255,
   1.0334965953217068,
   1.0471975511965976
  ],
  [
   -1.0471975511965976,
   -1.0471975511965976,
   1.0471975511965976,
   0.25405022794736537
  ],
  [
   0.9537204295058052,
   -1.0471975511965976,
   -1.0471975511965976,
   0.621280282119913
  ],
  [
   -0.1245974225970064,
   -0.8066344082343359,
   -0.3149165263094798,
   0.5395461463202902
  ],
  [
   -0.041632129028484566,
   1.0471975511965976,
   0.8452895282920427,
   1.0471975511965976
  ],
  [
   -1.0471975511965976,
   -0.3204955986804328,
   -1.0471975511965976,
   1.0471975511965976
  ],
  [
   0.16111892927243376,
   -0.557829996750504,
   -0.2658131801118055,
   -0.11557607288518507
  ],
  [
   -0.45206781196657186,
   -0.5517049242121205,
   -0.781083578049039,
   0.5589939410011426
  ],
  [
   0.8268255726610968,
   -1.0471975511965976,
   -0.5297702477982762,
   -1.0471975511965976
  ],
  [
   -1.0471975511965976,
   -0.44988334546106845,
   -0.5300692497961388,
   -0.48200866359291106
  ],
  [
   -0.3197117461986615,
   0.33080816653575507,
   -1.0471975511965976,
   -1.0471975511965976
  ],
  [
   1.0471975511965976,
   -0.7625660166145849,
   -1.0471975511965976,
   1.0471975511965976
  ],
  [
   1.0471975511965976,
   0.0139840793218588,
   0.5527610703255279,
   0.3609111886721268
  ],
  [
   1.0471975511965976,
   -0.6635003182417423,
   1.0471975511965976,
   0.5656090825681803
  ],
  [
   -1.0471975511965976,
   1.0471975511965976,
   0.7285509274549279,
   -0.24117469494840826
  ],
  [
   -0.5166224247446833,
   -0.18773878972958383,
   -1.0471975511965976,
   -1.0471975511965976
  ],
  [
   0.7584672159468339,
   -1.0471975511965976,
   -0.3898702888921004,
   -0.14957958957112472
  ],
  [
   -0.3960684902598155,
   1.0471975511965976,
   -0.6081461697925752,
   -0.8447889269197595
  ],
  [
   0.4808187495799081,
   -0.40691911811465054,
   1.0471975511965976,
   -0.4099637841019465
  ],
  [
   -0.051117819795508876,
   0.7301303087473752,
   -1.0471975511965976,
   -0.025733519342425334
  ],
  [
   -0.08238239208248765,
   -0.5615891831448814,
   0.4767867320991487,
   0.28572647871365736
  ],
  [
   -1.0471975511965976,
   -1.0471975511965976,
   1.0471975511965976,
   -0.5293970595581828
  ],
  [
   -1.0471975511965976,
   -1.01549160576449,
   -0.19576289493384358,
   0.5091936234497819
  ],
  [
   0.4985858886314903,
   1.0471975511965976,
   -1.0471975511965976,
   -1.0471975511965976
  ],
  [
   0.8887514939199519,
   -1.0471975511965976,
   -1.0471975511965976,
   0.8397763621334479
  ],
  [
   -0.5438135160560753,
   -1.0471975511965976,
   -0.4612070048873503,
   -0.6175843346827968
  ],
  [
   0.8189485932334144,
   -1.0471975511965976,
   0.4402117496620119,
   -0.45906978290785294
  ],
  [
   1.0471975511965976,
   -1.0471975511965976,
   1.0471975511965976,
   -1.0471975511965976
  ],
  [
   -1.0471975511965976,
   -0.5867259006207116,
   1.0471975511965976,
   0.868571562963879
  ],
  [
   0.7024028330769114,
   0.8882685628290503,
   -0.17890494930798617,
   -0.986447757791644
  ],
  [
   -0.2251742468534056,
   0.25035980267707053,
   0.07702405589325872,
   -1.0471975511965976
  ],
  [
   -1.0471975511965976,
   1.0471975511965976,
   -0.6487507935598118,
   0.16451938786190667
  ],
  [
   -0.3840752907830822,
   -0.8392095965863716,
   -0.3682870617477656,
   -1.0471975511965976
  ],
  [
   -1.0471975511965976,
   -0.5395113695265956,
   0.637547487160426,
   -1.0471975511965976
  ],
  [
   -1.0471975511965976,
   -0.848838661083187,
   -1.0471975511965976,
   0.053220713873010694
  ],
  [
   0.8444482537406426,
   0.8870479545773582,
   0.3123982552404704,
   -1.0471975511965976
  ],
  [
   -0.8230380938949292,
   -0.22413218032752802,
   -1.0471975511965976,
   -1.0471975511965976
  ],
  [
   -0.7262282767518423,
   -1.0471975511965976,
   -0.513085178043553,
   -1.0471975511965976
  ],
  [
   -0.5101753355146728,
   0.6354641887334702,
   1.0471975511965976,
   0.7955915904774162
  ],
  [
   -1.0076160314331826,
   0.3643600703697611,
   -0.7707506628969554,
   -1.0471975511965976
  ],
  [
   0.7708914124563024,
   0.5474985727123627,
   -0.9371808871010125,
   -1.0471975511965976
  ],
  [
   -1.0471975511965976,
   0.34334797873678,
   -0.5284930624030494,
   -0.9820316303803146
  ],
  [
   0.9484916477930952,
   -0.8569586127438557,
   1.0471975511965976,
   -0.8335598256188439
  ],
  [
   0.5586603530495784,
   0.9160204888867612,
   0.09488250266190634,
   -0.25226928165946894
  ],
  [
   0.4809510448554286,
   0.5598337908795715,
   -0.11142406128944088,
   0.5087278052953601
  ],
  [
   -0.6004342148809667,
   -1.0471975511965976,
   0.6900122156626658,
   -1.0471975511965976
  ],
  [
   -1.0471975511965976,
   -1.0471975511965976,
   0.8481952622697135,
   -0.7335265042106978
  ],
  [
   -1.0471975511965976,
   -1.0471975511965976,
   1.0471975511965976,
   -0.44329109793638477
  ],
  [
   -1.0471975511965976,
   -1.0471975511965976,
   1.0471975511965976,
   -0.22020076021737556
  ],
  [
   0.7014539749509205,
   1.0471975511965976,
   -1.0334191938680826,
   -1.0471975511965976
  ],
  [
   0.25197298037144966,
   -0.39458536033644565,
   1.0471975511965976,
   -0.2403011418612167
  ],
  [
   -0.6669925247405517,
   0.6984620460038024,
   0.7784491115333585,
   -0.734023913001157
  ],
  [
   0.47858261302356675,
   -0.14805307945824064,
   -0.032941811633989786,
   -1.0471975511965976
  ],
  [
   -0.06295429660642138,
   -0.135813475074325,
   0.059879123748716956,
   1.0471975511965976
  ],
  [
   -1.0471975511965976,
   0.13624650901358004,
   1.0471975511965976,
   -1.0471975511965976
  ],
  [
   -1.0471975511965976,
   -0.23726575575489806,
   1.0471975511965976,
   0.20283522434316414
  ],
  [
   1.0471975511965976,
   1.0471975511965976,
   1.0471975511965976,
   -1.0471975511965976
  ],
  [
   -0.35144555853516257,
   -1.0471975511965976,
   -1.0471975511965976,
   -1.0471975511965976
  ],
  [
   -1.0471975511965976,
   1.0471975511965976,
   -0.7018336843644788,
   0.10889933703814891
  ],
  [
   -1.0471975511965976,
   -1.0471975511965976,
   1.0471975511965976,
   0.5630288535266633
  ],
  [
   0.40278326677170584,
   -0.5840786055361551,
   -1.0471975511965976,
   -0.7838233484573232
  ],
  [
   -1.0471975511965976,
   -1.0471975511965976,
   -0.9385599381061194,
   -0.9245926989764608
  ],
  [
   1.0471975511965976,
   -1.0471975511965976,
   0.3672474994950219,
   0.711334842489997
  ],
  [
   -0.22426014859231252,
   0.6327174153015369,
   0.09633044284380324,
   0.15151961266330793
  ],
  [
   -1.0471975511965976,
   -1.0471975511965976,
   -0.7145918015664118,
   -0.9281880069467981
  ],
  [
   -0.049820408414635975,
   -0.7182743605383184,
   0.8561673833298844,
   -1.0471975511965976
  ],
  [
   -1.0471975511965976,
   1.0471975511965976,
   0.5389513000547074,
   0.44370939551558664
  ],
  [
   -0.4312183768762212,
   -1.0471975511965976,
   -0.6978371489634276,
   -0.6928397157225067
  ],
  [
   -0.9901130187503449,
   1.0471975511965976,
   -0.4445665530564872,
   -1.0471975511965976
  ],
  [
   -0.6081010304938866,
   -0.20361486735086687,
   -0.13487153618070663,
   -1.0471975511965976
  ],
  [
   0.01586203141601783,
   -0.15640844842146673,
   0.7115837730212652,
   0.3666708870234985
  ],
  [
   -1.0471975511965976,
   0.12931748804754417,
   -1.0471975511965976,
   -1.0471975511965976
  ],
  [
   1.0443525549732222,
   -0.679913230895832,
   -1.0471975511965976,
   0.6913029939423376
  ],
  [
   0.7480256260508618,
   -0.010688492130551779,
   -1.0471975511965976,
   1.0183155002224906
  ]
 ],
 [
  [
   -0.24949524790946687,
   -0.2258242720046204,
   0.01807836369231486,
   -0.8454064219759007
  ],
  [
   -1.0471975511965976,
   0.8763919724617255,
   -1.0471975511965976,
   -1.0471975511965976
  ],
  [
   1.0471975511965976,
   0.6901077306729638,
   -1.0471975511965976,
   -0.5416830135552637
  ],
  [
   1.0471975511965976,
   -0.02705771976631921,
   -0.2220729143143062,
   -0.9700337914238344
  ],
  [
   1.0471975511965976,
   0.8427765760997745,
   -0.2718164011944144,
   -0.6915115531776717
  ],
  [
   -0.2805280712410356,
   0.9511324917803583,
   0.25979270296138585,
   -0.40588675016522413
  ],
  [
   0.8627219779564487,
   -0.2897406128074454,
   -0.1230849993480363,
   0.20722009347257858
  ],
  [
   -0.25068389336534386,
   -1.0471975511965976,
   0.5047166088659673,
   0.9400072064164608
  ],
  [
   1.0471975511965976,
   -0.2612173244878566,
   -1.0471975511965976,
   -1.0471975511965976
  ],
  [
   1.0471975511965976,
   -0.09530963685235228,
   0.5561813244554963,
   1.0471975511965976
  ],
  [
   -1.0471975511965976,
   0.954494183780036,
   0.1397669352538295,
   0.16745860969609228
  ],
  [
   0.17502445196420635,
   -0.8257025139112247,
   -1.0471975511965976,
   -0.015691625623491662
  ],
  [
   1.0471975511965976,
   -1.0471975511965976,
   0.2573574887486057,
   0.37095296624818175
  ],
  [
   -0.8839224744551101,
   -0.14659548158080837,
   0.14163024476444913,
   0.730684963847186
  ],
  [
   -1.0471975511965976,
   -0.9192615590137492,
   -0.8820858086022315,
   0.5133745667403709
  ],
  [
   1.0471975511965976,
   0.9086921982738122,
   -0.7629358947906832,
   0.38414044610620945
  ],
  [
   0.03882622054264645,
   1.0471975511965976,
   1.0471975511965976,
   -1.0471975511965976
  ],
  [
   0.7677998996376963,
   0.019383756472514446,
   0.913042608157111,
   0.8527541056556027
  ],
  [
   0.8290873568952576,
   -0.5460951220611263,
   1.0471975511965976,
   -1.0471975511965976
  ],
  [
   0.9000114162128194,
   -0.3354546960311279,
   -0.6049580525415339,
   -0.8974671984332269
  ],
  [
   -0.7144609205652369,
   1.0471975511965976,
   0.027640949240402723,
   0.3715634445482573
  ],
  [
   -0.2788864677558529,
   0.24619354187908443,
   -0.6736951147038734,
   0.3990411014752592
  ],
  [
   -0.28202118453502323,
   -1.0471975511965976,
   -1.0471975511965976,
   0.35355906464134224
  ],
  [
   -1.0471975511965976,
   0.031034469288087507,
   0.630137470985406,
   -1.0471975511965976
  ],
  [
   1.0471975511965976,
   0.11291919388192151,
   0.7747119174383876,
   -1.0471975511965976
  ],
  [
   0.7790486844478345,
   1.0471975511965976,
   -0.9052927519310155,
   -0.3232295336258004
  ],
  [
   1.0471975511965976,
   -0.675290470186963,
   1.0471975511965976,
   0.28625277446604647
  ],
  [
   -0.7612205382444782,
   -1.0471975511965976,
   1.0471975511965976,
   0.10436377209652212
  ],
  [
   -0.34335652987614085,
   -0.2725913236629801,
   -0.9034001153050986,
   1.0471975511965976
  ],
  [
   -0.4490742598675971,
   -0.4103498715279669,
   -1.0471975511965976,
   -0.7419712376984008
  ],
  [
   0.6376131117685754,
   -0.8444018745519117,
   -0.9648824041680159,
   1.0471975511965976
  ],
  [
   -0.41971562774614235,
   -0.7111862993551725,
   -0.47258922084093014,
   -0.854572623306556
  ],
  [
   0.7625387980056229,
   0.1555004013377846,
   0.34542387642306394,
   0.06653391684855395
  ],
  [
   1.0471975511965976,
   0.30900348425778085,
   1.0471975511965976,
   -0.28074241710108105
  ],
  [
   -0.6025751225205793,
   -0.9794944210928807,
   1.0471975511965976,
   -0.8268976346523432
  ],
  [
   1.0471975511965976,
   -0.2215663391214251,
   -0.3040255285240617,
   -1.0471975511965976
  ],
  [
   -0.6016923845005132,
   -0.4047585644473453,
   0.45169096833316646,
   -0.6618629560415109
  ],
  [
   0.48287491825210416,
   -0.2694054608523919,
   -0.22027938747182496,
   -0.5425197739657812
  ],
  [
   0.6269257879991282,
   -0.875065614534908,
   -0.21954014542309308,
   -1.0471975511965976
  ],
  [
   -0.588457771571186,
   -0.5374212625408875,
   0.04193332325120769,
   -1.0471975511965976
  ],
  [
   0.8546945478313177,
   -1.0471975511965976,
   -0.5208927670047634,
   -0.41160752521118804
  ],
  [
   1.0471975511965976,
   1.0471975511965976,
   -0.8003820633142862,
   -0.7937510641187633
  ],
  [
   -1.0471975511965976,
   0.908844305431186,
   -0.48850903047005945,
   -0.862084151045067
  ],
  [
   -1.0471975511965976,
   -0.419110803988026,
   -1.0471975511965976,
   -0.7676815203580155
  ],
  [
   0.7403174416803989,
   0.004750195247037126,
   -0.8260028338006757,
   0.659584830621383
  ],
  [
   -1.0471975511965976,
   1.046575025886623,
   -1.0471975511965976,
   0.27523303417377804
  ],
  [
   1.0471975511965976,
   0.8910672118305976,
   -0.9243923172853858,
   0.3372457657934991
  ],
  [
   -0.463562635001566,
   -1.0471975511965976,
   -0.5593139664991549,
   -0.5065415447827935
  ],
  [
   0.9678996055685062,
   -1.0471975511965976,
   -0.2985576997545454,
   -1.0471975511965976
  ],
  [
   1.0471975511965976,
   0.8836861170333252,
   0.47410088055013644,
   1.0471975511965976
  ],
  [
   0.3344273270238647,
   1.0471975511965976,
   0.27934998413359163,
   0.688214838630749
  ],
  [
   -0.14259335331273412,
   -1.0471975511965976,
   1.0471975511965976,
   0.07003275137213194
  ],
  [
   -1.0471975511965976,
   -0.7635010179366382,
   0.20049870600722758,
   -0.4922985853532843
  ],
  [
   0.9556440609918675,
   -1.0471975511965976,
   0.9721936801899095,
   -0.5407105380600594
  ],
  [
   -0.6430646689950701,
   0.16841464887697866,
   1.0471975511965976,
   -0.05791566152306182
  ],
  [
   -0.08991472272056478,
   1.0471975511965976,
   -1.0471975511965976,
   -1.0471975511965976
  ],
  [
   1.0471975511965976,
   -0.9667693471268982,
   1.0471975511965976,
   -1.0471975511965976
  ],
  [
   -0.712574648651955,
   -0.5522481137022074,
   -0.9456423711092605,
   -0.16289358401712073
  ],
  [
   0.73763852930184,
   -0.9797926423257328,
   -0.10593579725368507,
   -0.7478328659653661
  ],
  [
   -0.6688113262485365,
   0.6716626484470118,
   -0.7870166174017529,
   0.14139116541704067
  ],
  [
   -0.324910186489393,
   0.6595484959981874,
   0.0368295343205548,
   0.23347118661864474
  ],
  [
   -0.32381299660870233,
   0.867544783935476,
   1.0471975511965976,
   -1.0471975511965976
  ],
  [
   1.0471975511965976,
   -0.8699717541474485,
   1.0471975511965976,
   -0.45609007036003824
  ],
  [
   -0.590089190719528,
   -1.0471975511965976,
   1.0471975511965976,
   -0.8494177809600987
  ],
  [
   -1.0471975511965976,
   0.6239020437328215,
   -1.0471975511965976,
   -0.0991291088870968
  ],
  [
   -1.0107324926545491,
   -0.500639583383246,
   0.8619322382795818,
   0.18174182583642196
  ],
  [
   -0.2260484265395164,
   -0.3309710550736167,
   -1.0471975511965976,
   0.6880886330514524
  ],
  [
   -0.44750896286945174,
   0.13711694412527686,
   0.7815467594716146,
   -1.0471975511965976
  ],
  [
   -0.7451098561832441,
   -0.16263261431470044,
   -0.519310913604898,
   -0.34141619665045053
  ],
  [
   1.0471975511965976,
   -0.695465344934556,
   1.0471975511965976,
   -0.0706613532506064
  ],
  [
   -1.0471975511965976,
   1.009876950300245,
   -1.0471975511965976,
   -1.0471975511965976
  ],
  [
   -1.0471975511965976,
   -0.10918691133302139,
   1.0471975511965976,
   -1.0471975511965976
  ],
  [
   -1.0471975511965976,
   1.0471975511965976,
   0.9528433232118076,
   1.0471975511965976
  ],
  [
   -1.0471975511965976,
   -0.365211567590099,
   -0.6005895630723722,
   -1.0471975511965976
  ],
  [
   -0.8901916914889333,
   0.7666813696953225,
   -0.6483925400831074,
   -1.0471975511965976
  ],
  [
   -0.7018100414919395,
   0.9208534670619093,
   0.9031934147260036,
   1.0471975511965976
  ],
  [
   1.0471975511965976,
   0.1577176298239893,
   1.0471975511965976,
   -0.1379099744380379
  ],
  [
   -0.3248092971698655,
   1.0471975511965976,
   0.36749143002998486,
   -1.0471975511965976
  ],
  [
   1.0471975511965976,
   -0.8573253731241994,
   -1.0471975511965976,
   0.2001451751847081
  ],
  [
   1.0471975511965976,
   1.0471975511965976,
   -0.5017048027589682,
   -0.25009399401798116
  ]
 ],
 [
  [
   -0.5399959889886643,
   0.12373411924780897,
   -0.14702779889040718,
   1.0471975511965976
  ],
  [
   1.0471975511965976,
   -1.0471975511965976,
   0.8098202403849284,
   -0.5143949913991771
  ],
  [
   -1.0471975511965976,
   0.6334270142915357,
   0.08977248531359883,
   -1.0471975511965976
  ],
  [
   -1.0059048409553704,
   1.0471975511965976,
   1.0471975511965976,
   -0.8993363011953239
  ],
  [
   0.10954151072507745,
   0.9801374009948636,
   0.28358780060639166,
   -1.0471975511965976
  ],
  [
   1.0471975511965976,
   -0.34037470569418216,
   -1.0471975511965976,
   0.7845526821983433
  ],
  [
   -1.0471975511965976,
   -1.0471975511965976,
   1.0471975511965976,
   0.3076896379027191
  ],
  [
   -0.2346262246328769,
   -1.0471975511965976,
   0.5406378218447346,
   -1.0471975511965976
  ],
  [
   -0.8183573042859135,
   -0.9945339125263348,
   -1.0471975511965976,
   -1.0471975511965976
  ],
  [
   -0.14611963501554748,
   1.0471975511965976,
   0.7887398081911439,
   1.0471975511965976
  ],
  [
   1.0471975511965976,
   0.682115305320077,
   1.0471975511965976,
   0.06812223702896772
  ],
  [
   -0.07208265169109118,
   0.027692652438549237,
   -1.0471975511965976,
   -0.8721385598764997
  ],
  [
   -0.3538307011620569,
   -0.8608822779936294,
   -1.0471975511965976,
   -0.3677861742970284
  ],
  [
   -1.0471975511965976,
   0.596149040473175,
   -0.4180769440878578,
   0.4308217083985919
  ],
  [
   -1.0471975511965976,
   -1.0471975511965976,
   0.07622651310075285,
   0.8332532068349637
  ],
  [
   1.0471975511965976,
   -1.0471975511965976,
   1.0471975511965976,
   0.14262613181985895
  ],
  [
   -0.33068328612973774,
   -0.22215059952626393,
   -0.4274303908723494,
   0.6398449076038633
  ],
  [
   -0.4998275792251514,
   -0.5991878381739713,
   -0.13299377921929445,
   -0.3390218886931523
  ],
  [
   -0.9595044570811622,
   1.0471975511965976,
   0.8726627409296197,
   1.0471975511965976
  ],
  [
   -0.7498098561882178,
   -0.44191506601444397,
   0.5237312045896555,
   1.0471975511965976
  ],
  [
   -1.0471975511965976,
   0.10825406099879387,
   1.0471975511965976,
   -1.0471975511965976
  ],
  [
   1.0471975511965976,
   1.0471975511965976,
   -0.5326591864422385,
   1.0471975511965976
  ],
  [
   -1.0471975511965976,
   1.0471975511965976,
   -1.0471975511965976,
   1.0471975511965976
  ],
  [
   0.18963236275184725,
   0.8188604592369775,
   0.5100027636773669,
   -1.0471975511965976
  ],
  [
   0.7076993237855593,
   -0.935969591031547,
   0.28986011503299125,
   0.16939261827577345
  ],
  [
   1.0471975511965976,
   1.0471975511965976,
   -1.0471975511965976,
   -0.3090141554852517
  ],
  [
   -0.4335828277390623,
   -0.7680535812662574,
   0.9341661450811056,
   0.3839061804242915
  ],
  [
   -0.39134088310722426,
   -1.0471975511965976,
   1.0471975511965976,
   1.0471975511965976
  ],
  [
   -0.18378629125021986,
   -0.0704726282828756,
   -0.13409644079657654,
   -0.11064325824906401
  ],
  [
   0.224439490992688,
   0.3219095713945245,
   0.019867682232341366,
   -0.4795503317000348
  ],
  [
   -1.0471975511965976,
   -1.0471975511965976,
   -0.23278938832694762,
   -1.0471975511965976
  ],
  [
   -0.06339109207378779,
   -1.0471975511965976,
   -1.0471975511965976,
   0.2545817803114968
  ],
  [
   1.0216095273185815,
   -0.33777693491701544,
   -0.8797121868721115,
   -0.995116478739978
  ],
  [
   -1.0471975511965976,
   0.45121391507034425,
   -0.12063233033968956,
   -1.0471975511965976
  ],
  [
   -0.6031385981233168,
   0.5522486448942356,
   -0.2749303589843801,
   -1.0471975511965976
  ],
  [
   -1.0471975511965976,
   1.0471975511965976,
   -1.0471975511965976,
   0.33278013145000657
  ],
  [
   -0.43592567988699127,
   0.5073373293144866,
   1.0471975511965976,
   -0.0951698507251536
  ],
  [
   -0.3556104614841733,
   1.0471975511965976,
   -1.0471975511965976,
   -0.5385769018004276
  ],
  [
   0.6846352321470535,
   -0.8778810777081556,
   -1.0471975511965976,
   -0.2612353198992299
  ],
  [
   -1.005717141707235,
   -1.0471975511965976,
   1.0471975511965976,
   -0.07952383460144541
  ],
  [
   -0.4007407107259595,
   0.9037098708337827,
   0.7260463110303566,
   0.8901132850555523
  ],
  [
   1.0471975511965976,
   1.0471975511965976,
   1.0471975511965976,
   0.8056712964937685
  ],
  [
   -0.040756581764952865,
   -0.21069857871034503,
   -1.0471975511965976,
   0.16728422539031773
  ],
  [
   1.0471975511965976,
   1.0471975511965976,
   0.7400221711634186,
   -0.35331890782032915
  ],
  [
   -0.5030180541117292,
   0.6637780909699535,
   1.0471975511965976,
   1.0471975511965976
  ],
  [
   -0.22096527407840694,
   -0.7699888295497915,
   1.0369097790257509,
   -0.16449088522823618
  ],
  [
   -0.9690577229073118,
   0.16037310580219266,
   0.11792165911362523,
   0.4132144322826159
  ],
  [
   -0.27409634549216866,
   -0.21695580075213,
   1.0471975511965976,
   -0.20698415332506298
  ],
  [
   -1.0471975511965976,
   -1.0471975511965976,
   -0.4326306221373585,
   0.5194465675900354
  ],
  [
   0.6376674714753843,
   0.6888486022942831,
   -0.32107861709930263,
   -0.40303410984318133
  ],
  [
   -0.5862548821412694,
   0.8944736358285829,
   -0.7816389902774215,
   -0.24432474025022832
  ],
  [
   -1.0471975511965976,
   -0.5392403777236499,
   0.7273039316311922,
   -1.0048093291411682
  ],
  [
   -0.09431012425499852,
   0.09277453612256958,
   -1.0471975511965976,
   0.3880265736748316
  ],
  [
   -0.4230144638759267,
   1.0471975511965976,
   0.5916844470334093,
   -0.23757255143549894
  ],
  [
   0.3582586964557988,
   -0.44581987324480415,
   1.0471975511965976,
   -0.6460692642946858
  ],
  [
   -0.7915410980601534,
   -0.04536126977446894,
   -1.0112151989945475,
   -0.43466316228191093
  ],
  [
   -0.5088389696442146,
   0.39565385169892253,
   0.11003350226176682,
   -1.0471975511965976
  ],
  [
   0.8129170003493297,
   1.0471975511965976,
   0.7690883559514728,
   -0.9773429667716869
  ],
  [
   -1.0471975511965976,
   -0.5669004220368251,
   1.0265940193818088,
   -0.38309438500932036
  ],
  [
   -1.0471975511965976,
   -0.9694915268713378,
   1.0471975511965976,
   1.0471975511965976
  ],
  [
   0.005688064527129777,
   -0.8591439291371611,
   1.0471975511965976,
   0.7461288678787665
  ],
  [
   -1.0471975511965976,
   1.0471975511965976,
   -0.28294739257008794,
   -1.0471975511965976
  ],
  [
   1.0471975511965976,
   1.0471975511965976,
   -0.5007632620875482,
   -1.0471975511965976
  ],
  [
   -1.0471975511965976,
   -0.10343470426154489,
   1.0471975511965976,
   0.7499054908356199
  ],
  [
   1.0471975511965976,
   0.28003204945970095,
   -0.3793963152838933,
   0.49763118107597826
  ],
  [
   -0.210479528778717,
   0.07406068292091658,
   -0.9181377916665191,
   -0.8159277496643222
  ],
  [
   -1.0471975511965976,
   1.0471975511965976,
   1.021396213723626,
   0.4321802155457719
  ],
  [
   1.0471975511965976,
   1.0471975511965976,
   0.7865682971518999,
   -0.5317406747392456
  ],
  [
   -1.0471975511965976,
   -0.8474972220573983,
   -1.0471975511965976,
   1.0471975511965976
  ],
  [
   -1.0471975511965976,
   -1.0471975511965976,
   -1.0471975511965976,
   0.7411257961485754
  ],
  [
   1.0471975511965976,
   -0.5931243838263889,
   -0.5357741114999323,
   -0.007849356339659774
  ],
  [
   -1.0471975511965976,
   -0.79417745693125,
   0.9467827019438901,
   0.21161262919631263
  ],
  [
   1.0471975511965976,
   -1.0471975511965976,
   -1.0471975511965976,
   -0.5348589169015239
  ],
  [
   1.0471975511965976,
   1.0471975511965976,
   -1.0471975511965976,
   0.3839385496143922
  ],
  [
   -1.0471975511965976,
   -0.27612480680393436,
   -0.9756501312848237,
   -0.3406018110583776
  ],
  [
   0.3336527748522321,
   0.42998136599541414,
   -1.0471975511965976,
   -0.9159949328044984
  ],
  [
   0.16220807373857404,
   -0.2665532443747852,
   1.0471975511965976,
   -0.9468769508800935
  ],
  [
   0.01683904988950441,
   -0.01884267753589064,
   -1.0471975511965976,
   0.2292427570456972
  ],
  [
   -0.12691384557476182,
   -0.7559463766905906,
   1.0471975511965976,
   1.0471975511965976
  ],
  [
   -0.23910537776447377,
   -0.9157752410458674,
   -0.6241859891348283,
   -0.503998123274348
  ]
 ],
 [
  [
   0.4855141233537602,
   1.0471975511965976,
   -0.9263377569663533,
   -0.2600969263338128
  ],
  [
   1.0471975511965976,
   -1.0471975511965976,
   0.26549153808422254,
   0.9689035352592246
  ],
  [
   -0.20778126037418898,
   -1.0471975511965976,
   0.5304167582455342,
   0.35020996959584605
  ],
  [
   -0.11098607847592301,
   0.3771488742853276,
   1.0471975511965976,
   0.6392566077348102
  ],
  [
   0.09649411534850905,
   -0.20747930547192778,
   0.19681504600182376,
   -0.7299585989246391
  ],
  [
   0.6604123827920001,
   -0.9399534019968193,
   0.23370770748651976,
   0.8717242564022234
  ],
  [
   -1.0471975511965976,
   0.27428125224768074,
   1.0471975511965976,
   1.0471975511965976
  ],
  [
   -1.0471975511965976,
   -0.45845691511530917,
   -1.0471975511965976,
   -0.5364544202794741
  ],
  [
   1.0471975511965976,
   -1.0471975511965976,
   -0.5068078626242211,
   0.8665849433569299
  ],
  [
   0.40686684073033286,
   1.0471975511965976,
   0.6792631639063867,
   -1.0471975511965976
  ],
  [
   0.5045518338340074,
   -0.45713319160914845,
   0.7990750714356897,
   -1.0433050939560133
  ],
  [
   -0.7068690167288358,
   0.020386988410746487,
   -0.20054630458660683,
   -0.6138972571613239
  ],
  [
   -1.0471975511965976,
   -1.0471975511965976,
   -1.0471975511965976,
   -0.9008449775195304
  ],
  [
   -1.0471975511965976,
   -1.0471975511965976,
   -0.6937216717760726,
   -1.0471975511965976
  ],
  [
   -1.0471975511965976,
   1.0471975511965976,
   -0.1721084119759287,
   -1.0471975511965976
  ],
  [
   0.5677890571795161,
   1.0471975511965976,
   0.6260884082292572,
   -1.0471975511965976
  ],
  [
   1.0471975511965976,
   -0.2420206702158283,
   0.6710705702336115,
   1.0471975511965976
  ],
  [
   1.0471975511965976,
   0.9034165478897469,
   0.5379628007046993,
   -0.7447497380223752
  ],
  [
   -0.3968797610948954,
   0.24951960893600744,
   0.7262816126893191,
   0.5832065504031695
  ],
  [
   1.0471975511965976,
   -0.8940971195590733,
   -0.7414069672339577,
   -0.8605219534747355
  ],
  [
   -1.0471975511965976,
   -0.37639274509882237,
   0.6432656377933922,
   -0.7270660503308435
  ],
  [
   0.2736971931184101,
   0.5556136521877156,
   -0.46042349893064655,
   -1.0471975511965976
  ],
  [
   -0.6634459898977801,
   1.0471975511965976,
   1.0471975511965976,
   1.0471975511965976
  ],
  [
   1.0471975511965976,
   0.32781203734640607,
   0.5407423934832505,
   -0.6751232025227274
  ],
  [
   -1.0471975511965976,
   0.8613943782264358,
   1.0471975511965976,
   -0.9868023662411589
  ],
  [
   0.4672965713770688,
   0.49225965158024176,
   0.4138585178948364,
   -0.49705300436533895
  ],
  [
   -1.0471975511965976,
   -0.7664712206749407,
   0.49591005532840426,
   0.08277900642792191
  ],
  [
   0.8260482077728303,
   -0.7471393153472978,
   -0.9978189822233163,
   0.4034452983517933
  ],
  [
   -0.6325898467318175,
   -0.95916532623048,
   1.0471975511965976,
   -0.10325581382676718
  ],
  [
   -0.6721213163388815,
   -1.0471975511965976,
   -1.0471975511965976,
   0.4417916650541941
  ],
  [
   -1.0471975511965976,
   0.8746881005631622,
   -0.3732033163118298,
   0.9886597938294726
  ],
  [
   1.0471975511965976,
   0.27804120094861673,
   0.5427994843274683,
   0.4201303723287071
  ],
  [
   0.8438530641728724,
   1.0471975511965976,
   -1.0471975511965976,
   0.07914134474518653
  ],
  [
   -1.0471975511965976,
   -0.5661557730131741,
   -0.5117354025849257,
   -1.0471975511965976
  ],
  [
   1.0321436000074198,
   0.6956468234476345,
   -0.3188078637752245,
   -0.4882132835285732
  ],
  [
   0.49481867742316843,
   -1.0471975511965976,
   -1.0320421138394755,
   0.016732236787439625
  ],
  [
   -0.5032026135739146,
   1.0471975511965976,
   -0.2529919960406161,
   -0.9148662744728286
  ],
  [
   -1.0471975511965976,
   -1.0471975511965976,
   -0.14189599967320665,
   -0.9025943303762572
  ],
  [
   1.0471975511965976,
   -0.3732736153648478,
   -1.0471975511965976,
   -1.0471975511965976
  ],
  [
   -0.7340044954651841,
   -1.0471975511965976,
   -0.04923685835614855,
   -0.5892325955966318
  ],
  [
   -0.4078819947747757,
   0.43765912352679726,
   -0.47289299167940063,
   -0.7118176411846762
  ],
  [
   -0.12171603620008664,
   -0.23314836332129474,
   1.0471975511965976,
   1.0471975511965976
  ],
  [
   0.222640749784394,
   0.34204559106789634,
   0.17674943640277851,
   -1.0471975511965976
  ],
  [
   1.0471975511965976,
   -0.697152602463338,
   1.0471975511965976,
   -1.0471975511965976
  ],
  [
   0.4619743655543316,
   -0.6443464834808723,
   1.0471975511965976,
   -0.18308137883712705
  ],
  [
   0.9986602621525925,
   -0.27710670270936966,
   -1.0471975511965976,
   -1.0471975511965976
  ],
  [
   0.13652371366642074,
   -0.08914738760444263,
   -1.0471975511965976,
   -0.4195316896796878
  ],
  [
   1.0471975511965976,
   -1.0471975511965976,
   -0.6599451056280665,
   -0.4164291268183689
  ],
  [
   -1.0471975511965976,
   1.0471975511965976,
   1.0471975511965976,
   0.41830778899382326
  ],
  [
   1.0471975511965976,
   -0.499982110801764,
   1.0471975511965976,
   -0.24644724062081774
  ],
  [
   1.0471975511965976,
   -0.45206894712889745,
   -1.0471975511965976,
   -0.38184834973536697
  ],
  [
   -1.0471975511965976,
   -1.0471975511965976,
   -0.02455088057208532,
   -1.0471975511965976
  ],
  [
   0.42626980153551297,
   -0.6418968134923422,
   -1.0471975511965976,
   0.4617804330865849
  ],
  [
   0.38487269569984306,
   0.22126864760495585,
   0.5423192175336251,
   -1.0471975511965976
  ],
  [
   0.21893620476985542,
   -1.0471975511965976,
   -1.0471975511965976,
   -1.0471975511965976
  ],
  [
   1.0471975511965976,
   0.8856036555817527,
   -0.8281793923563308,
   -1.0471975511965976
  ],
  [
   -1.0471975511965976,
   0.46462184214864055,
   1.0471975511965976,
   -1.0471975511965976
  ],
  [
   0.6042984889591607,
   0.6837080958255253,
   0.3113731549882762,
   -0.11650720785416091
  ],
  [
   1.0471975511965976,
   -0.9169750360809009,
   0.614484181793917,
   -0.8230561933708899
  ],
  [
   -0.9232171833637143,
   -0.022387592245587173,
   1.0471975511965976,
   -1.0471975511965976
  ],
  [
   -0.8218852543998474,
   -0.7243419919814467,
   0.9826222977465953,
   0.4837814000641065
  ],
  [
   1.0471975511965976,
   0.7525472809688084,
   0.7777955579581524,
   -0.5778634745465299
  ],
  [
   1.0471975511965976,
   -1.0471975511965976,
   1.0471975511965976,
   -1.0471975511965976
  ],
  [
   -1.0471975511965976,
   0.1229201556227777,
   -1.0471975511965976,
   -1.0471975511965976
  ],
  [
   0.9773370612536161,
   1.0471975511965976,
   1.0471975511965976,
   0.6647210092115097
  ],
  [
   -0.3726266869226434,
   -1.0471975511965976,
   -1.0471975511965976,
   1.0471975511965976
  ],
  [
   0.623273350597299,
   1.0471975511965976,
   -0.10789309783781509,
   -0.18317077213577077
  ],
  [
   -0.7745501040310511,
   -0.3333333854243042,
   0.6252966667252564,
   -1.0471975511965976
  ],
  [
   -0.6459788748308581,
   -1.016860425388525,
   0.6205140075528492,
   0.8570262716297008
  ],
  [
   -0.2926300435776765,
   -1.0471975511965976,
   -0.7238036385966632,
   -0.23320022868129697
  ],
  [
   0.13010917511120978,
   0.8233575888177469,
   -1.0471975511965976,
   -0.8828637711570434
  ],
  [
   1.0471975511965976,
   -1.022401146973875,
   0.2754543865736855,
   -1.0471975511965976
  ],
  [
   0.4400483788765718,
   1.0471975511965976,
   -0.6103934814875582,
   1.0471975511965976
  ],
  [
   0.744372935577553,
   -0.7266333481565912,
   -1.0471975511965976,
   0.7295431149518871
  ],
  [
   1.0471975511965976,
   -1.0471975511965976,
   0.4123401695841853,
   -0.9891385245204817
  ],
  [
   -1.0471975511965976,
   -0.2228000876927682,
   0.07514969253690928,
   -1.0471975511965976
  ],
  [
   -1.0471975511965976,
   -0.3825474160071175,
   1.0471975511965976,
   -1.0471975511965976
  ],
  [
   -0.43845469552779254,
   0.11883254825781177,
   -0.10182065581401367,
   1.0471975511965976
  ],
  [
   1.0471975511965976,
   -0.29490307156063134,
   0.4837396925831072,
   1.0471975511965976
  ],
  [
   -1.0471975511965976,
   -1.0471975511965976,
   -1.035712677186797,
   -0.719393008402079
  ]
 ],
 [
  [
   1.0471975511965976,
   1.0471975511965976,
   -0.3566766891469847,
   -1.0471975511965976
  ],
  [
   -1.0471975511965976,
   0.5138388495250789,
   -0.33253307567033363,
   -0.8198657809309408
  ],
  [
   0.2724926279764701,
   1.0471975511965976,
   -1.0471975511965976,
   -1.0471975511965976
  ],
  [
   -0.7306627411857478,
   0.7057492750291131,
   -0.9573738504121154,
   0.8460036563510438
  ],
  [
   -1.0361708432034245,
   1.0471975511965976,
   -1.0471975511965976,
   -1.0471975511965976
  ],
  [
   -1.0345425858974453,
   -0.8474740287151733,
   0.2432799710865933,
   -0.5909657778236557
  ],
  [
   0.1156775223126823,
   -0.9801191047137718,
   -0.05051250651943717,
   -1.025264388066113
  ],
  [
   -0.5036222066303699,
   -1.0471975511965976,
   0.7243639563641007,
   -0.7522134568696524
  ],
  [
   1.0471975511965976,
   -1.0471975511965976,
   -0.2692028342361048,
   1.0471975511965976
  ],
  [
   0.2973281794894389,
   0.07010598677305219,
   -0.8577646234566676,
   -1.0471975511965976
  ],
  [
   -0.49475990278851456,
   0.5011217608731736,
   0.031106626208582178,
   0.3373517142510809
  ],
  [
   1.0471975511965976,
   1.0471975511965976,
   -0.20746714018072565,
   -1.0471975511965976
  ],
  [
   -0.5528999205624376,
   -0.09304014581825815,
   -0.41411729459308655,
   -0.2848394014470797
  ],
  [
   -1.0471975511965976,
   0.932806031747056,
   1.0471975511965976,
   -0.3288748469364959
  ],
  [
   0.050498929614915644,
   -1.0471975511965976,
   0.8561195864381395,
   -1.0471975511965976
  ],
  [
   -0.2982649988864503,
   -0.20005838014806288,
   -0.8133149259084298,
   -0.8988359162728126
  ],
  [
   0.2212219559042058,
   1.0471975511965976,
   1.0471975511965976,
   1.0471975511965976
  ],
  [
   1.0471975511965976,
   -0.7182284392844033,
   0.3791719089858905,
   1.0471975511965976
  ],
  [
   1.0471975511965976,
   0.2356839311315082,
   -1.0471975511965976,
   0.2515087673639411
  ],
  [
   -0.3878549947201748,
   -0.7118975761143378,
   1.0471975511965976,
   0.34818825664038033
  ],
  [
   -1.0471975511965976,
   1.0058213272218677,
   -0.3195106547695332,
   0.314260438247952
  ],
  [
   0.3377901431133093,
   -0.3074745078685781,
   -0.615463300968488,
   -1.0471975511965976
  ],
  [
   -0.12298258871680319,
   0.095645451011794,
   -0.07719634367150016,
   0.8340029133340596
  ],
  [
   -1.0471975511965976,
   -0.5253438200425072,
   0.9326425369845259,
   -1.0471975511965976
  ],
  [
   1.0471975511965976,
   0.17591462444709305,
   1.0471975511965976,
   -1.0471975511965976
  ],
  [
   -0.188994793224729,
   1.0471975511965976,
   1.0471975511965976,
   0.4875529372776929
  ],
  [
   1.0471975511965976,
   -0.8075032243356225,
   0.2371538870949027,
   0.20473815142845725
  ],
  [
   -1.0471975511965976,
   -0.10613454846601811,
   1.0471975511965976,
   -0.665720587903372
  ],
  [
   -1.0471975511965976,
   -1.0471975511965976,
   -0.5231539223157922,
   -0.46257194833712495
  ],
  [
   1.0471975511965976,
   1.0471975511965976,
   -0.8863521909179184,
   -0.0957727044033399
  ],
  [
   1.0471975511965976,
   -1.0471975511965976,
   -0.6752152425477076,
   -0.09109239126166369
  ],
  [
   -0.8041924090912188,
   -0.6487842415453215,
   1.0471975511965976,
   -1.0471975511965976
  ],
  [
   0.9774983478390286,
   -1.0471975511965976,
   0.12849093507700454,
   0.6420747142975195
  ],
  [
   -1.0471975511965976,
   0.2833278333421253,
   -0.24582877124955071,
   -0.9750522186944348
  ],
  [
   -1.0471975511965976,
   0.6748498486921441,
   -1.0471975511965976,
   -1.0471975511965976
  ],
  [
   0.3141482699550763,
   -0.18344524857729474,
   -0.30638530257987506,
   -0.7928276879112599
  ],
  [
   -1.0471975511965976,
   -1.0471975511965976,
   1.0471975511965976,
   -1.0471975511965976
  ],
  [
   -0.4189546652334829,
   -0.717023002772269,
   -0.10949860524786498,
   -0.9881029713757242
  ],
  [
   -0.6396592757602979,
   -1.0459201216580414,
   -0.6546511759689188,
   0.5477172707697098
  ],
  [
   0.13621928536292205,
   -0.36543483347823075,
   0.4250531567709292,
   -0.9718234610584633
  ],
  [
   0.3809367959641549,
   -0.4016267364912859,
   -0.7863467357200047,
   0.31385826620692037
  ],
  [
   1.0471975511965976,
   0.4736936084631448,
   0.11260111410165163,
   1.003265669887397
  ],
  [
   -0.9739965582381092,
   0.11771905761753843,
   -0.3743005571790241,
   -1.0471975511965976
  ],
  [
   -1.0471975511965976,
   -0.2934262664646593,
   -1.0471975511965976,
   -1.0471975511965976
  ],
  [
   1.0471975511965976,
   1.0471975511965976,
   1.0471975511965976,
   -1.0471975511965976
  ],
  [
   -1.0471975511965976,
   -0.7669076767957127,
   -0.9027072467039893,
   -0.7946787470003901
  ],
  [
   0.43289503703317755,
   0.7366058541218559,
   0.6815967125064111,
   -1.0471975511965976
  ],
  [
   1.0471975511965976,
   -0.2153144871250593,
   0.05700174531329505,
   -0.6442353024587008
  ],
  [
   -1.0471975511965976,
   0.5017166137416729,
   0.8659338260611918,
   -1.0471975511965976
  ],
  [
   0.5826734276433161,
   0.3203963794079395,
   -1.0086000520447507,
   1.0471975511965976
  ],
  [
   -0.3473264186082432,
   -0.6061605785423843,
   -0.10723993928904876,
   0.8697379604046173
  ],
  [
   -1.0471975511965976,
   0.5971152383731442,
   1.0471975511965976,
   -1.0471975511965976
  ],
  [
   -1.0471975511965976,
   -1.0471975511965976,
   0.5124362740193231,
   1.0471975511965976
  ],
  [
   0.36138886274270177,
   -0.750719256853698,
   -1.0469278511098494,
   -1.0471975511965976
  ],
  [
   -0.982823225712087,
   -1.0471975511965976,
   -0.16685208198323903,
   -1.0471975511965976
  ],
  [
   -0.6633822245090171,
   0.7570043567839408,
   -1.0471975511965976,
   0.9911653667898724
  ],
  [
   0.16473836291883137,
   -1.0471975511965976,
   0.7247320093277241,
   0.4497021862360189
  ],
  [
   -0.6011994051425797,
   1.0471975511965976,
   0.5981076624949133,
   1.0471975511965976
  ],
  [
   1.0372849410677372,
   -1.0471975511965976,
   0.04740321008470412,
   -0.8498451889259977
  ],
  [
   -0.8818016314305391,
   -1.0471975511965976,
   -0.260647711175834,
   0.2535223804785245
  ],
  [
   -0.8367281169317347,
   0.3521293105360025,
   -0.7234802955760337,
   0.13322805309920593
  ],
  [
   0.7806208226560494,
   0.6133994003995034,
   0.9623235360083142,
   -1.0471975511965976
  ],
  [
   1.0471975511965976,
   -1.0471975511965976,
   1.0471975511965976,
   -1.0471975511965976
  ],
  [
   1.0398576675223032,
   0.4607349918959987,
   -0.41039335087927376,
   -1.0471975511965976
  ],
  [
   -0.9248474833761758,
   1.0471975511965976,
   -1.0471975511965976,
   1.0471975511965976
  ],
  [
   1.0471975511965976,
   1.0471975511965976,
   0.535256244344432,
   1.0471975511965976
  ],
  [
   0.2498659902147694,
   -0.1693580980031475,
   0.8287236307696938,
   0.032632482333355584
  ],
  [
   -0.9293886138000007,
   1.0471975511965976,
   -0.3699983597443087,
   -1.0471975511965976
  ],
  [
   0.21440262398911858,
   0.16112258890234332,
   -0.6460867802570588,
   0.21578668955455405
  ],
  [
   0.9103246359774544,
   -0.8052100319231194,
   -0.8259685078292611,
   -1.0471975511965976
  ],
  [
   0.5921668231194579,
   -0.07661695974123717,
   -1.0471975511965976,
   -1.0471975511965976
  ],
  [
   -1.0471975511965976,
   -0.4306952667201877,
   -1.0471975511965976,
   1.0471975511965976
  ],
  [
   -1.0471975511965976,
   -1.0471975511965976,
   0.7065014007765573,
   -1.0471975511965976
  ],
  [
   -1.0471975511965976,
   0.329814824556117,
   -0.4704472126966239,
   0.3906274997537008
  ],
  [
   -1.0471975511965976,
   1.0471975511965976,
   -0.502523008949684,
   0.6554359457394403
  ],
  [
   -0.39507839675251377,
   1.0471975511965976,
   1.0471975511965976,
   0.20083707648760551
  ],
  [
   0.8408935878791441,
   0.5243458875722816,
   0.2762154691764729,
   0.5465977539126039
  ],
  [
   0.08674421853443437,
   1.0156156095674025,
   -0.7963871457931435,
   -0.3900875660020613
  ],
  [
   1.0471975511965976,
   -1.0471975511965976,
   -1.0471975511965976,
   -0.7964524997303728
  ],
  [
   1.0471975511965976,
   1.0471975511965976,
   0.25736580399150466,
   -0.13557406200598643
  ]
 ],
 [
  [
   0.8712783409177682,
   0.8444552582085919,
   0.28530099333404724,
   -1.0471975511965976
  ],
  [
   1.0471975511965976,
   -0.7248607961128867,
   -0.010281909169332915,
   -1.0471975511965976
  ],
  [
   0.6861884881757179,
   -1.0471975511965976,
   0.4686261535444395,
   -0.20575248444109973
  ],
  [
   1.0471975511965976,
   1.0471975511965976,
   1.0471975511965976,
   -0.640844698346838
  ],
  [
   0.4849125833754392,
   1.0471975511965976,
   -0.5407698413909321,
   0.21860542385327458
  ],
  [
   -1.0471975511965976,
   -0.5040576636619267,
   0.07609033666091118,
   -1.0471975511965976
  ],
  [
   0.5362336700231602,
   -0.8143962685383399,
   1.0471975511965976,
   -1.0471975511965976
  ],
  [
   0.2734604330619218,
   -1.0471975511965976,
   0.6806368087251964,
   0.3374710487501587
  ],
  [
   0.5881247012110687,
   -1.0471975511965976,
   -0.9684458366032249,
   -0.7992847235480954
  ],
  [
   -0.3036329244854723,
   0.6802422479314459,
   -0.7642074426579621,
   -0.7125914562077676
  ],
  [
   -0.01026233111968966,
   0.9531171609579107,
   -0.19955754521372468,
   0.2306832918145577
  ],
  [
   -0.8410171719521153,
   0.6766012423651604,
   1.0185416080884144,
   -1.0471975511965976
  ],
  [
   0.4032979493161517,
   -1.0471975511965976,
   0.6577972929776308,
   0.3279377849968098
  ],
  [
   -1.0356469197192506,
   0.6101736997815861,
   0.27734418344152567,
   0.6086972464390294
  ],
  [
   -1.0471975511965976,
   -0.6728258142187783,
   0.23592638321711043,
   1.0471975511965976
  ],
  [
   0.40678755333488326,
   0.27054590655975785,
   -0.7345797813498185,
   0.2524557778959069
  ],
  [
   -1.046139894594163,
   -0.23284114772835549,
   0.6653017738924287,
   1.0471975511965976
  ],
  [
   0.927156419751359,
   1.0471975511965976,
   -0.6252603646462103,
   1.0471975511965976
  ],
  [
   1.0471975511965976,
   0.3641314795105198,
   0.677246462388581,
   -1.0023336056781693
  ],
  [
   0.8184411072342381,
   -1.0471975511965976,
   -0.7668436838109384,
   -0.08168503328303478
  ],
  [
   0.4905173617898617,
   1.0471975511965976,
   1.0471975511965976,
   0.4190961149352646
  ],
  [
   -1.0471975511965976,
   -1.0471975511965976,
   0.38628097006679973,
   -0.41474561363089835
  ],
  [
   1.0471975511965976,
   1.0471975511965976,
   -1.0471975511965976,
   0.5931753605837939
  ],
  [
   0.9618787320206098,
   0.025736043376269307,
   -1.0469697314314195,
   -1.0471975511965976
  ],
  [
   -0.294108932480464,
   -1.0471975511965976,
   0.8083709076280778,
   -1.0471975511965976
  ],
  [
   0.5675258392745837,
   0.9725668684483402,
   0.9577522443733195,
   1.0471975511965976
  ],
  [
   0.2227415522890419,
   -0.48806474942146566,
   0.7571585399968587,
   0.6007738575666641
  ],
  [
   -1.0471975511965976,
   -1.0008707122960805,
   1.0471975511965976,
   0.24622921770333808
  ],
  [
   -0.2688438569108772,
   -1.0471975511965976,
   -1.0471975511965976,
   1.0471975511965976
  ],
  [
   -0.11388998192670491,
   1.0471975511965976,
   -0.4310115747565708,
   -0.0723929465542264
  ],
  [
   1.0471975511965976,
   1.0471975511965976,
   -1.0471975511965976,
   -1.0471975511965976
  ],
  [
   -0.7673616531449673,
   0.841008215669554,
   -1.0471975511965976,
   1.0471975511965976
  ],
  [
   0.8003812395788343,
   -0.21110364859442132,
   -0.7514947652493933,
   -0.4828481933715373
  ],
  [
   -1.0471975511965976,
   1.0471975511965976,
   1.0471975511965976,
   -1.0471975511965976
  ],
  [
   -1.0471975511965976,
   0.1774654574422052,
   -0.9215883785180815,
   -0.6602965053218164
  ],
  [
   1.0471975511965976,
   -0.022416650620514955,
   0.6852664948005405,
   -1.0471975511965976
  ],
  [
   1.0471975511965976,
   -0.8732064707023064,
   -1.0471975511965976,
   -0.10005169626388277
  ],
  [
   -1.0471975511965976,
   1.0471975511965976,
   -1.0471975511965976,
   -0.07749389874451729
  ],
  [
   1.0471975511965976,
   -0.6592094102075581,
   -0.4294171602129475,
   0.9015147184524694
  ],
  [
   -1.0471975511965976,
   -0.18894882525580842,
   -0.9063506380551157,
   -0.09760795918720333
  ],
  [
   -1.0471975511965976,
   -0.7510922075552153,
   1.0471975511965976,
   0.5174282987339262
  ],
  [
   1.0471975511965976,
   -0.23952739118531644,
   -1.0471975511965976,
   -1.0471975511965976
  ],
  [
   -0.6399775264505225,
   1.0471975511965976,
   1.0471975511965976,
   -1.0471975511965976
  ],
  [
   -1.0471975511965976,
   -0.44173504008486597,
   1.0471975511965976,
   -0.6390527181461237
  ],
  [
   1.0471975511965976,
   1.0471975511965976,
   0.9906237370770519,
   0.9932457486577568
  ],
  [
   -0.22728037908931897,
   1.0471975511965976,
   0.05949399273116862,
   0.04907624434744173
  ],
  [
   1.0471975511965976,
   -0.5972760440934635,
   1.0471975511965976,
   -1.0471975511965976
  ],
  [
   1.0471975511965976,
   -0.39853450769993826,
   -1.0471975511965976,
   -1.0471975511965976
  ],
  [
   0.6903204693778251,
   -1.0471975511965976,
   1.0471975511965976,
   -0.7423779153207787
  ],
  [
   1.0460464394086997,
   1.040815762724011,
   -0.5684059418525476,
   0.3511462428569098
  ],
  [
   1.0471975511965976,
   0.19607160833994058,
   -0.5887427149125631,
   -0.38477353521063384
  ],
  [
   -1.0471975511965976,
   -1.0471975511965976,
   1.0471975511965976,
   -0.41436216857821084
  ],
  [
   -0.30130154635393486,
   0.11940939301184628,
   -1.0471975511965976,
   0.8332028621571825
  ],
  [
   -1.0471975511965976,
   -1.0471975511965976,
   1.0471975511965976,
   -1.0471975511965976
  ],
  [
   -0.35572782409552955,
   -0.9105812659972932,
   1.0471975511965976,
   -1.0471975511965976
  ],
  [
   -0.0006467813210194739,
   1.0447225802778242,
   -1.0471975511965976,
   -1.0471975511965976
  ],
  [
   -0.6065772023429096,
   1.0281841555539077,
   0.03552594858859964,
   -0.066439292662684
  ],
  [
   -0.4517507077685248,
   -1.0471975511965976,
   0.8802929910497278,
   1.0471975511965976
  ],
  [
   1.0081247092512706,
   0.5594460942007687,
   0.12252592835896181,
   -1.0471975511965976
  ],
  [
   -1.0471975511965976,
   -1.0471975511965976,
   0.5263014466706776,
   -0.06992419808520339
  ],
  [
   0.4715564782492403,
   0.6101533502108418,
   -0.04507058005084025,
   0.7705704517073877
  ],
  [
   1.0471975511965976,
   0.8754975187614723,
   -0.1923002563220848,
   -1.0471975511965976
  ],
  [
   1.0471975511965976,
   -0.7964513564120829,
   0.39691670314002675,
   0.445829915542544
  ],
  [
   0.7906530918572481,
   0.5838996872790007,
   1.0471975511965976,
   -1.0471975511965976
  ],
  [
   1.0471975511965976,
   0.7309979909876981,
   -0.9202014355761947,
   0.7282060382784511
  ],
  [
   -0.3105400382088843,
   -1.0471975511965976,
   1.0471975511965976,
   -0.4191206894779787
  ],
  [
   -0.3414918881982524,
   0.21069410243435716,
   0.9226370701067547,
   0.6957593313884963
  ],
  [
   1.0471975511965976,
   -0.4625936490047782,
   1.0471975511965976,
   0.6803602189378375
  ],
  [
   1.0471975511965976,
   -0.33377658884290207,
   0.3846950221653984,
   0.6156430001746058
  ],
  [
   -0.19565886214062556,
   0.26588572572244773,
   0.7511811058991373,
   -0.21049123410334997
  ],
  [
   -0.6556883394082441,
   -0.02469242718145781,
   -1.0471975511965976,
   -0.26825121763711013
  ],
  [
   -0.33501111089360247,
   0.5589052938706223,
   1.0471975511965976,
   -0.44940862172197604
  ],
  [
   -0.6530459954154257,
   0.251350005285254,
   0.4596115697754062,
   1.0471975511965976
  ],
  [
   -0.267503565603281,
   1.0471975511965976,
   0.36374862737939406,
   0.5162200186861418
  ],
  [
   -1.0471975511965976,
   1.0471975511965976,
   -0.8910950917604997,
   -1.0471975511965976
  ],
  [
   0.8058309086008932,
   0.24490441441151178,
   -0.27118665629990724,
   -1.0471975511965976
  ],
  [
   1.0471975511965976,
   1.0471975511965976,
   1.0471975511965976,
   0.6645853538760966
  ],
  [
   -1.0471975511965976,
   0.27628575874174477,
   0.6919723169813451,
   -1.0471975511965976
  ],
  [
   1.0471975511965976,
   0.5374567717882663,
   -1.0471975511965976,
   0.27317481828820034
  ],
  [
   -0.15729306913065308,
   1.0471975511965976,
   1.0471975511965976,
   -0.035634955707607885
  ]
 ],
 [
  [
   -0.6095207945860439,
   0.20485466519865148,
   0.5328407902770731,
   -0.27915570824576785
  ],
  [
   -0.110143399216168,
   1.0471975511965976,
   1.0471975511965976,
   -0.6997158548744605
  ],
  [
   1.0471975511965976,
   -0.6402360908346247,
   1.0471975511965976,
   -0.548576338864082
  ],
  [
   1.0471975511965976,
   1.0471975511965976,
   0.7861449565773192,
   0.6540221709471873
  ],
  [
   -1.0471975511965976,
   0.42924181182436977,
   1.0471975511965976,
   -1.0471975511965976
  ],
  [
   1.0471975511965976,
   -0.9129252030377544,
   -0.09157896307439212,
   -1.0471975511965976
  ],
  [
   0.7454310550194816,
   -1.0471975511965976,
   1.0471975511965976,
   -0.07949840583433754
  ],
  [
   0.48765180763899335,
   -0.7541101342666314,
   -1.0471975511965976,
   -1.0471975511965976
  ],
  [
   1.0471975511965976,
   -0.2610043552610375,
   0.5743846047264027,
   0.0566807749049556
  ],
  [
   1.0471975511965976,
   1.0471975511965976,
   0.01074313366817603,
   -0.3405603474961192
  ],
  [
   1.0471975511965976,
   -0.13706766512662827,
   1.0471975511965976,
   0.29366551881946656
  ],
  [
   -0.3670507119932379,
   0.18880197736361098,
   -0.09461175404742805,
   -1.0471975511965976
  ],
  [
   -1.0253042195518596,
   -0.6842999494997014,
   1.0471975511965976,
   0.03693694884491028
  ],
  [
   0.5395294026277049,
   -0.40525384581883195,
   0.12253768623962324,
   -1.0471975511965976
  ],
  [
   0.7997804880181592,
   -1.0471975511965976,
   -0.9964406301974301,
   -1.0471975511965976
  ],
  [
   -0.6761670619642484,
   0.8401209891931729,
   1.0471975511965976,
   -1.0471975511965976
  ],
  [
   0.41995827863102797,
   -0.18811228718901737,
   0.19521943346791826,
   1.0471975511965976
  ],
  [
   0.6744670045016834,
   -0.9767310261706394,
   -0.20404660514765482,
   -0.5904152261103501
  ],
  [
   -0.9138793187773866,
   1.0471975511965976,
   1.0471975511965976,
   -1.0471975511965976
  ],
  [
   -1.0471975511965976,
   0.0715171503999209,
   0.20156041339037312,
   -1.0471975511965976
  ],
  [
   -0.9966785010170942,
   -0.8449673932600924,
   -0.7287309375825496,
   -0.5720173436512835
  ],
  [
   -0.8178575054520382,
   -0.7318762763992992,
   -0.2890241933576521,
   -1.0471975511965976
  ],
  [
   -1.0471975511965976,
   -0.09025797262316404,
   -1.0471975511965976,
   1.0471975511965976
  ],
  [
   0.8377976054108013,
   0.8122246606614304,
   -1.0471975511965976,
   -0.5706496723039769
  ],
  [
   0.2522195559178167,
   -1.0471975511965976,
   0.21975841333785484,
   -1.0471975511965976
  ],
  [
   1.0471975511965976,
   1.0471975511965976,
   0.86277559928075,
   1.0463683811076439
  ],
  [
   1.0471975511965976,
   0.7398066928552525,
   0.759395791030423,
   -1.0471975511965976
  ],
  [
   -0.426894364821604,
   -0.3567080616910224,
   0.4622742521117675,
   0.4761838751617373
  ],
  [
   -0.17817711248026358,
   -1.0471975511965976,
   0.2202947710821075,
   0.033108748522926335
  ],
  [
   0.13514632844581437,
   0.7487085603621998,
   -0.10494098934882568,
   1.0471975511965976
  ],
  [
   -0.4117262335870444,
   -1.0471975511965976,
   -1.0471975511965976,
   -1.0471975511965976
  ],
  [
   -0.9925223675926216,
   -1.0471975511965976,
   0.1132688869385754,
   -0.11388250311244608
  ],
  [
   1.0471975511965976,
   -0.13126026693053228,
   0.00398151300134475,
   1.0471975511965976
  ],
  [
   -1.0471975511965976,
   1.0471975511965976,
   -0.6409692804798792,
   -1.0471975511965976
  ],
  [
   -0.9010175125103767,
   -1.0471975511965976,
   -1.0471975511965976,
   0.548550411400481
  ],
  [
   1.0471975511965976,
   -0.20973004210127444,
   0.7494157322108441,
   -0.08790911863680578
  ],
  [
   -1.0471975511965976,
   0.39958981169551533,
   -0.9646861436490277,
   -0.37973002041256265
  ],
  [
   -0.9487905363125637,
   -1.0471975511965976,
   -1.0471975511965976,
   -0.5317903945623317
  ],
  [
   1.0471975511965976,
   -1.0471975511965976,
   0.309935173936698,
   -0.01947756261470912
  ],
  [
   -0.4689735457699108,
   0.4715884825890525,
   -0.5095506769984681,
   -0.45797543667586693
  ],
  [
   -0.9728804496712875,
   0.4397255758659458,
   -0.02488673549542475,
   -0.09563044219779138
  ],
  [
   1.0471975511965976,
   -1.0471975511965976,
   -1.0471975511965976,
   -0.14313759011960417
  ],
  [
   0.46049294417248826,
   0.038323453015508324,
   1.0471975511965976,
   -0.65720523491791
  ],
  [
   -0.1719111713735404,
   -1.0471975511965976,
   1.0471975511965976,
   -0.9810205509732132
  ],
  [
   0.09086277513245511,
   -0.23944362367851563,
   -1.0471975511965976,
   -1.0471975511965976
  ],
  [
   1.0183104951238326,
   -0.5773166635750763,
   0.311257543906146,
   -0.6514709674864375
  ],
  [
   -0.7156722891977227,
   0.06591840197815502,
   1.0471975511965976,
   -0.8860130580563659
  ],
  [
   0.887396434418176,
   0.5696718261405378,
   0.4346931492680113,
   -1.0471975511965976
  ],
  [
   -0.5885949207346399,
   1.0471975511965976,
   -0.33894083598634006,
   1.0471975511965976
  ],
  [
   1.0471975511965976,
   -1.0062721472301255,
   0.6856819280519191,
   1.0093602088322264
  ],
  [
   0.5313246791237127,
   -1.0471975511965976,
   -1.0471975511965976,
   -0.40804074092656983
  ],
  [
   -0.0799850649113486,
   -0.8540176544266209,
   0.716540821782796,
   1.0471975511965976
  ],
  [
   -0.19910861719934603,
   -0.6289291348974634,
   -0.6337611623515008,
   0.7752694495226398
  ],
  [
   0.4551429342282024,
   -1.0471975511965976,
   -0.06744054206992733,
   -0.6238789032038066
  ],
  [
   -1.0471975511965976,
   0.2703448799566933,
   -1.0471975511965976,
   -1.0471975511965976
  ],
  [
   0.47742163556538886,
   -1.0471975511965976,
   -1.0471975511965976,
   -0.6495188221018579
  ],
  [
   -0.2139833717973193,
   0.8106180827620294,
   1.0471975511965976,
   -1.0471975511965976
  ],
  [
   0.025114901314513105,
   0.05194135443303924,
   0.21335721982562386,
   1.0471975511965976
  ],
  [
   -0.07851730572248916,
   1.0471975511965976,
   1.0471975511965976,
   -1.0471975511965976
  ],
  [
   -0.7391217877957306,
   0.3444549612904867,
   0.11360132116256119,
   -1.0471975511965976
  ],
  [
   -0.43073934653757806,
   1.0471975511965976,
   -0.2020277331453951,
   0.051051716923566026
  ],
  [
   1.0471975511965976,
   -0.6000577566368039,
   0.1858658228470662,
   -0.9025917341493422
  ],
  [
   1.0471975511965976,
   -0.8750669874207544,
   1.0471975511965976,
   -1.0471975511965976
  ],
  [
   -1.0471975511965976,
   -0.04471979354918179,
   -0.09135593886045987,
   -0.4923017030279554
  ],
  [
   0.07081285483356531,
   0.2128696138493431,
   0.2618887795099575,
   -0.9785878736661212
  ],
  [
   -1.0471975511965976,
   -1.0471975511965976,
   -0.542080691278966,
   -0.7154511529947927
  ],
  [
   -0.1674995783320042,
   0.9768962719123508,
   1.0471975511965976,
   0.41221219568961387
  ],
  [
   -0.48606755226691495,
   0.41179513749314345,
   0.8298391429252794,
   -0.811480601535973
  ],
  [
   -0.024834637337434073,
   -0.9017979699603981,
   -0.41052081220885184,
   -1.0471975511965976
  ],
  [
   1.0471975511965976,
   -1.0471975511965976,
   -0.08814108663572734,
   -1.0471975511965976
  ],
  [
   1.0471975511965976,
   1.0471975511965976,
   -0.10037207752537114,
   1.0471975511965976
  ],
  [
   0.11285444538712677,
   -0.8094051882457116,
   0.05846117178112831,
   -1.0471975511965976
  ],
  [
   0.6110605643550576,
   -1.0471975511965976,
   0.2253234373494729,
   -0.15579730061146832
  ],
  [
   1.0471975511965976,
   0.6462346335134271,
   -1.0471975511965976,
   0.22620106984368202
  ],
  [
   0.5887068026275251,
   -0.12226315139016819,
   -1.0471975511965976,
   1.0471975511965976
  ],
  [
   0.5058623870056278,
   1.0253601626269127,
   1.0328354531241164,
   -0.5805018728850093
  ],
  [
   -0.022548826940676614,
   -0.5619699454892253,
   0.39543604427024004,
   0.6046270141175695
  ],
  [
   0.34139931393196365,
   1.0471975511965976,
   0.03938740259471518,
   -0.8461869400367912
  ],
  [
   0.8950469634487782,
   0.6448796676119373,
   -0.8956940677363451,
   0.2830756612744605
  ],
  [
   0.2241103394535046,
   -0.14048138087530904,
   -0.7129342009734165,
   0.4993312500221391
  ]
 ],
 [
  [
   -1.0471975511965976,
   0.09112162952732616,
   0.07675998334616554,
   -0.024438390924462497
  ],
  [
   -0.15483348842715228,
   1.0471975511965976,
   0.34659638067907106,
   -1.0471975511965976
  ],
  [
   0.29405287838237576,
   0.8685178288906262,
   1.0471975511965976,
   -0.1473816038751804
  ],
  [
   1.0471975511965976,
   1.0471975511965976,
   1.0471975511965976,
   1.0471975511965976
  ],
  [
   0.8819837877341947,
   -1.0471975511965976,
   -0.5247075509844131,
   -1.0471975511965976
  ],
  [
   0.2531170488949138,
   0.11590726433764176,
   1.0471975511965976,
   -1.0471975511965976
  ],
  [
   1.0471975511965976,
   1.0471975511965976,
   1.0471975511965976,
   -0.5453602884828694
  ],
  [
   0.13847287893503446,
   -0.7341949033608878,
   -0.15577368050059903,
   -0.3744836308669029
  ],
  [
   1.0471975511965976,
   -0.18224400578770206,
   -1.0471975511965976,
   -0.008601239109230718
  ],
  [
   0.46971444419177694,
   0.6077886029980826,
   0.42601774569430795,
   -1.0471975511965976
  ],
  [
   1.0471975511965976,
   -0.6395546211728996,
   -0.29263368351224406,
   0.0770734983526519
  ],
  [
   1.0471975511965976,
   -0.375280241087586,
   -1.0471975511965976,
   -1.0471975511965976
  ],
  [
   -0.317311299650319,
   -1.0386073772020332,
   -1.0191988710394333,
   -0.34156970415044297
  ],
  [
   -1.0471975511965976,
   0.913208879790277,
   -1.0471975511965976,
   -0.5347215567795698
  ],
  [
   -0.2039758556419632,
   0.6948750879460703,
   -0.15859877138665102,
   -0.4423091730421871
  ],
  [
   1.0471975511965976,
   0.6468772254662468,
   1.0170619786228565,
   -0.5888060707194944
  ],
  [
   0.9840066497699529,
   -0.5973375381078185,
   -0.22342601019907177,
   1.0471975511965976
  ],
  [
   0.7280432211490349,
   0.05420487460440404,
   -0.3839420316732973,
   -1.0471975511965976
  ],
  [
   -1.0471975511965976,
   1.0471975511965976,
   -1.0471975511965976,
   -1.0471975511965976
  ],
  [
   -0.27470251013784697,
   -0.17303003553501395,
   1.0471975511965976,
   -0.06870090773140929
  ],
  [
   -1.0232329706707528,
   -0.6114844196850469,
   0.23996240438894811,
   -1.0471975511965976
  ],
  [
   1.0471975511965976,
   0.23316345257112137,
   -0.012778076802946424,
   -1.0471975511965976
  ],
  [
   -0.11252921665960086,
   0.27570472907905397,
   -0.24803764219220265,
   0.9407329441429794
  ],
  [
   0.012408446188295258,
   0.37664833161872047,
   -0.7447461335621058,
   -1.0471975511965976
  ],
  [
   0.2920643733670167,
   -0.05630227808610133,
   1.0471975511965976,
   -1.0471975511965976
  ],
  [
   -0.0997128996555981,
   0.5087191504088309,
   0.2928287584532112,
   1.0471975511965976
  ],
  [
   0.025532424675029974,
   0.5216057988791509,
   -1.0471975511965976,
   -1.0471975511965976
  ],
  [
   -0.065680676740074,
   -0.6088524876916337,
   0.9883754396244006,
   0.2878533287165481
  ],
  [
   0.31705427257473673,
   -0.643668485263992,
   -1.0002067645875652,
   0.7917563982925663
  ],
  [
   1.0471975511965976,
   1.0471975511965976,
   -0.17003490674483035,
   -0.41068106946262684
  ],
  [
   -0.40010936492977534,
   0.2325010625395869,
   -0.5029073844778,
   1.0471975511965976
  ],
  [
   -0.6811146508599042,
   -0.5041595959988865,
   0.5917711047747467,
   0.33404436897330736
  ],
  [
   1.0471975511965976,
   0.4117596868750013,
   -1.0471975511965976,
   -1.0471975511965976
  ],
  [
   -0.5916595932067218,
   0.6210779540875742,
   -1.0471975511965976,
   -1.0471975511965976
  ],
  [
   -0.19238205251611984,
   -0.5010287000298222,
   0.39208487346475784,
   -0.6386118630504755
  ],
  [
   -0.7642118387699454,
   0.5078523355093928,
   0.8468695813511746,
   -1.0471975511965976
  ],
  [
   -1.0471975511965976,
   -0.9266090059526758,
   -0.5687121774450208,
   0.8526379129974747
  ],
  [
   -1.0471975511965976,
   -1.0471975511965976,
   -0.3654277928100813,
   0.1403567285935976
  ],
  [
   -0.6035178690822844,
   -0.6945951613153705,
   -1.0471975511965976,
   -0.5263293609051786
  ],
  [
   0.0494909410027814,
   -0.7206710157074638,
   -0.11514788093116851,
   -1.0471975511965976
  ],
  [
   -1.0471975511965976,
   1.0471975511965976,
   -0.8358891240304689,
   0.8323435592827846
  ],
  [
   1.0471975511965976,
   0.23586372165173713,
   -0.7139490307883947,
   -0.20144491983398033
  ],
  [
   1.0471975511965976,
   0.33803417004241443,
   1.0471975511965976,
   -0.39366735670584063
  ],
  [
   0.9649737585960818,
   -1.0471975511965976,
   -0.5160130743873756,
   -1.0070936134233894
  ],
  [
   -0.04825967120831276,
   0.8553379066280803,
   1.003474846570646,
   -1.0471975511965976
  ],
  [
   0.4401881843225056,
   -1.0471975511965976,
   0.7658686765137426,
   -1.0471975511965976
  ],
  [
   -1.0471975511965976,
   1.0471975511965976,
   1.0471975511965976,
   -0.5675356527795143
  ],
  [
   0.1746799672288738,
   0.6635970761693999,
   -0.5813705144329213,
   -0.2478058178940445
  ],
  [
   -0.6751340641067174,
   0.8843374004439832,
   1.0471975511965976,
   0.5491051803072448
  ],
  [
   -0.030029259692444854,
   -0.5490247593761224,
   0.25829128953756686,
   -0.8626785669166189
  ],
  [
   1.0471975511965976,
   -1.0471975511965976,
   1.0471975511965976,
   0.6465553635229926
  ],
  [
   -1.0471975511965976,
   -0.8882241905461428,
   1.0471975511965976,
   -0.8411286069499035
  ],
  [
   -0.21334882263662625,
   -1.0471975511965976,
   0.08787310955159211,
   -0.27864506065030725
  ],
  [
   0.4938514998934441,
   -0.01893385811291315,
   0.253128054461016,
   -0.5499320879480138
  ],
  [
   1.0471975511965976,
   -0.17208630818987503,
   -0.4529402359032241,
   -0.4995034858015006
  ],
  [
   1.0348465698869003,
   -0.17908283613878223,
   -0.33043959114118043,
   0.017740974419485522
  ],
  [
   -0.924970907943608,
   -0.2421553547960984,
   -0.049446053646965415,
   -0.8517547118031142
  ],
  [
   0.8740569255623185,
   -0.11160126441906967,
   1.0471975511965976,
   -0.3337777711942437
  ],
  [
   -0.007372129108133896,
   0.6606956299305324,
   1.0471975511965976,
   -1.0471975511965976
  ],
  [
   -1.0471975511965976,
   -0.38854018608250995,
   0.26105987728124963,
   -1.0471975511965976
  ],
  [
   -1.0471975511965976,
   0.14439073542514536,
   1.008272830665926,
   1.0471975511965976
  ],
  [
   -0.20760777961314408,
   -0.13763956398278543,
   -1.0471975511965976,
   -1.0471975511965976
  ],
  [
   -0.17368470318021378,
   -0.31901665196894274,
   0.07869591194774356,
   -1.0471975511965976
  ],
  [
   -0.40254944144277593,
   -1.0471975511965976,
   -0.013628801944613522,
   -1.0471975511965976
  ],
  [
   1.0471975511965976,
   0.05470182080048702,
   0.5526264183693534,
   1.0471975511965976
  ],
  [
   -1.0471975511965976,
   0.014837897551976807,
   -0.3380862114209707,
   -0.5396795202927036
  ],
  [
   -0.4743376205818849,
   1.0471975511965976,
   -0.8954129212830307,
   -0.2982294656308368
  ],
  [
   -1.0471975511965976,
   -0.26292423362865974,
   1.0471975511965976,
   -1.0471975511965976
  ],
  [
   -0.31403674703553375,
   0.1657537487942794,
   1.0471975511965976,
   1.0471975511965976
  ],
  [
   0.7440198500281132,
   -0.5057850213598587,
   -0.4268277659577019,
   -0.7940101119858276
  ],
  [
   0.5952617992988404,
   -0.8575331129509186,
   -1.0471975511965976,
   -1.0471975511965976
  ],
  [
   -0.5176809916285977,
   1.0471975511965976,
   -0.3011639514887563,
   -0.8980207423390751
  ],
  [
   0.5690055224163942,
   -0.4680854999073035,
   -0.26541781202782655,
   0.31868152958963475
  ],
  [
   0.36493392733183555,
   1.0471975511965976,
   -0.4230168188375196,
   -0.0015000722515753906
  ],
  [
   0.15865359162174242,
   0.10023137555068604,
   -0.8568509318440369,
   1.0275702879098765
  ],
  [
   0.2561508733415727,
   1.0471975511965976,
   -0.6153455750754505,
   -0.6731823746358248
  ],
  [
   1.0471975511965976,
   -0.5119247425649195,
   1.0471975511965976,
   1.0471975511965976
  ],
  [
   -0.3549893762423326,
   0.2835514435816846,
   1.0471975511965976,
   1.0471975511965976
  ],
  [
   0.4930440849689521,
   0.8330480731196813,
   0.7496730156015229,
   0.6828993327860914
  ],
  [
   -0.5252773336553699,
   0.44344512462392416,
   -1.0471975511965976,
   -0.36648651573153035
  ]
 ],
 [
  [
   0.3937685277184153,
   -1.0471975511965976,
   0.9030262123259978,
   -0.42143389924972174
  ],
  [
   -0.501501097029433,
   0.6187001847028215,
   0.06215484867592458,
   -1.0471975511965976
  ],
  [
   0.6311161904060194,
   -1.0471975511965976,
   -1.0471975511965976,
   -1.0471975511965976
  ],
  [
   -0.9457922994824278,
   0.4316986121996866,
   -0.8487018895127788,
   0.5156596716765792
  ],
  [
   0.02511178944424508,
   1.0471975511965976,
   0.3952458993667226,
   -0.8014299803066128
  ],
  [
   -1.0471975511965976,
   1.0471975511965976,
   0.21386608214377656,
   0.22561389861560177
  ],
  [
   -0.0030470930535570484,
   -1.0471975511965976,
   -0.4477323132187667,
   1.0471975511965976
  ],
  [
   1.0471975511965976,
   -1.0471975511965976,
   1.0471975511965976,
   -1.0471975511965976
  ],
  [
   1.0471975511965976,
   -0.3454983299364105,
   -0.5514940436739855,
   -0.4961423877660677
  ],
  [
   0.2858061788394639,
   -0.43771965013595343,
   1.0471975511965976,
   -1.0471975511965976
  ],
  [
   -0.48068741820643685,
   1.0471975511965976,
   0.6039381978905164,
   0.8963165165778316
  ],
  [
   -0.7482573479700739,
   -0.23493896326275704,
   -1.0471975511965976,
   -1.0471975511965976
  ],
  [
   0.018538512018157594,
   -0.695098856084903,
   -1.0471975511965976,
   -0.860568325514542
  ],
  [
   -0.7948583124665521,
   0.4940510381103458,
   -1.0471975511965976,
   1.0471975511965976
  ],
  [
   -1.0471975511965976,
   1.0471975511965976,
   0.4751141412999415,
   -0.9614036747819045
  ],
  [
   -0.40322763243439796,
   1.0471975511965976,
   -1.0471975511965976,
   0.14077498448254977
  ],
  [
   0.42027559944732296,
   1.0471975511965976,
   0.6131006998528207,
   0.6025605560087011
  ],
  [
   0.09962014470086622,
   -0.6919529473441787,
   0.8059817151952741,
   -0.700821368982934
  ],
  [
   0.4707062757804209,
   0.8830995957347207,
   0.7319241758417003,
   -1.0471975511965976
  ],
  [
   -0.3356392844275633,
   -0.17518301569479816,
   0.6451982662885072,
   0.09319402524938601
  ],
  [
   -1.0471975511965976,
   -1.0471975511965976,
   -1.0471975511965976,
   0.5654603664882468
  ],
  [
   -0.4455573417529411,
   -1.0471975511965976,
   -0.246908091659461,
   -1.0471975511965976
  ],
  [
   -0.18074146449013345,
   0.7464565417900482,
   0.5235271891063549,
   -0.5295667669669326
  ],
  [
   -0.6974872823929972,
   0.5727501875817796,
   0.06253571537247904,
   -0.30072630337769635
  ],
  [
   0.04478694776864428,
   1.0471975511965976,
   1.0471975511965976,
   -1.0471975511965976
  ],
  [
   -1.0471975511965976,
   0.3271476584232236,
   -0.7761439182662369,
   -0.720191921190672
  ],
  [
   1.0471975511965976,
   -1.0471975511965976,
   1.0471975511965976,
   0.7336748844885186
  ],
  [
   -1.0471975511965976,
   -0.32141446456490574,
   0.22687768547858966,
   0.8610012229027971
  ],
  [
   -1.0471975511965976,
   -0.5197437530416559,
   -0.3903717102533908,
   0.20451091872002847
  ],
  [
   -0.3480923585611927,
   1.0471975511965976,
   -0.6053943035436491,
   -0.2754958240294715
  ],
  [
   -0.6591534047349323,
   0.42890686258354427,
   -0.4738509849276219,
   1.0471975511965976
  ],
  [
   0.2538309118035117,
   -1.0471975511965976,
   0.05979362230586249,
   -1.0471975511965976
  ],
  [
   0.8458454216578307,
   -1.0422839831496786,
   -0.16100792330041225,
   0.18524313292942765
  ],
  [
   -0.6008709642695056,
   0.7068358496563002,
   -0.9848652276365939,
   0.6591417015757788
  ],
  [
   -0.5055848722427151,
   -0.1223058092764345,
   -0.7450441709980025,
   -0.7434134528045175
  ],
  [
   1.0471975511965976,
   0.8495632671904172,
   1.0471975511965976,
   -1.0471975511965976
  ],
  [
   -0.9325061434562314,
   -1.0471975511965976,
   -0.9413708566424189,
   -0.5878663417906271
  ],
  [
   -0.6115222941241374,
   -0.5640329145716698,
   -1.0471975511965976,
   -1.0471975511965976
  ],
  [
   -1.0471975511965976,
   -1.0471975511965976,
   -0.6951002508727329,
   -0.8320135711117844
  ],
  [
   -1.0471975511965976,
   -0.8439535202250718,
   -0.20864687226418938,
   -1.0471975511965976
  ],
  [
   0.5096776641858596,
   -0.9944354712793453,
   -0.6599687462914867,
   -1.0471975511965976
  ],
  [
   -0.22582463042308487,
   0.7461959873612233,
   0.27144051801048763,
   -0.6371920444962637
  ],
  [
   -0.5717362584059045,
   0.7137635548735226,
   -0.973245253037432,
   -1.0471975511965976
  ],
  [
   0.8345182472371143,
   -1.0471975511965976,
   1.0471975511965976,
   -0.3116706661956745
  ],
  [
   1.0471975511965976,
   1.0471975511965976,
   1.0471975511965976,
   -0.09583926796258424
  ],
  [
   1.0471975511965976,
   0.005143382815220712,
   -0.5327135684251088,
   -0.028802308584050307
  ],
  [
   -0.7879802426377724,
   0.06633488933269471,
   0.41136112435950006,
   -0.4585441041366689
  ],
  [
   -0.834078530510623,
   -1.0471975511965976,
   0.7942854342919915,
   1.0471975511965976
  ],
  [
   0.7269459375816574,
   -1.0471975511965976,
   1.0471975511965976,
   -0.9692111223205738
  ],
  [
   1.0471975511965976,
   1.0471975511965976,
   -0.04504704728179687,
   0.30326182245558675
  ],
  [
   -0.015730739002201344,
   -1.0471975511965976,
   -0.4487385543788883,
   0.2619777451666996
  ],
  [
   0.6093728995083121,
   -1.0471975511965976,
   1.0471975511965976,
   -0.907905507249424
  ],
  [
   -1.0471975511965976,
   -1.0471975511965976,
   1.0471975511965976,
   1.0471975511965976
  ],
  [
   1.0471975511965976,
   -1.0471975511965976,
   0.674621556183037,
   -0.3531912051597006
  ],
  [
   -1.0471975511965976,
   -1.0471975511965976,
   1.0471975511965976,
   0.1366228411737549
  ],
  [
   0.1624969914212228,
   -1.0471975511965976,
   -1.0471975511965976,
   -0.34480334562694404
  ],
  [
   -0.5717802607059785,
   -1.0471975511965976,
   0.4849956823550301,
   -0.9020863069773668
  ],
  [
   -0.2253946706959874,
   -0.24459695221967767,
   0.8117612880915095,
   -0.5729948796237032
  ],
  [
   0.3211973702784584,
   -1.0438330740563881,
   0.07835889766665449,
   -1.0471975511965976
  ],
  [
   -0.8829949443359368,
   0.4236948192654946,
   -0.21349121593611842,
   1.0471975511965976
  ],
  [
   -1.0471975511965976,
   1.0471975511965976,
   0.005941207031574525,
   1.0471975511965976
  ],
  [
   1.0471975511965976,
   -0.7873182911653898,
   1.0471975511965976,
   0.09290642606452304
  ],
  [
   -0.03430799126939199,
   -1.0471975511965976,
   1.0471975511965976,
   -0.4146325501697753
  ],
  [
   0.9955305069324717,
   -0.24847732265316214,
   -0.9985426776303874,
   -0.25435045193818784
  ],
  [
   -0.5582334283342443,
   0.21116537331841212,
   -1.0471975511965976,
   -1.0324374404839491
  ],
  [
   -1.0471975511965976,
   -0.40933978995795384,
   0.0624387679952256,
   0.7414741649422241
  ],
  [
   -1.0471975511965976,
   0.8114143901828992,
   0.8512868524357046,
   1.0471975511965976
  ],
  [
   0.39006024676674844,
   -1.0082961540457027,
   1.0471975511965976,
   -1.0471975511965976
  ],
  [
   0.6836447711316431,
   -0.6991436126289783,
   -1.0471975511965976,
   0.8156624917268758
  ],
  [
   1.0471975511965976,
   0.4589652718595051,
   -0.6992750493841857,
   -1.0471975511965976
  ],
  [
   1.0471975511965976,
   0.986598675276415,
   -0.490148359356955,
   -0.5186106273261758
  ],
  [
   0.036796362193705856,
   0.46090099698396136,
   1.0471975511965976,
   0.16149601245926481
  ],
  [
   -0.4135655240924655,
   0.09121244300101972,
   0.07517951760424613,
   1.0471975511965976
  ],
  [
   0.6040318120468737,
   -0.5459685333438811,
   0.2525742438397034,
   -1.0471975511965976
  ],
  [
   0.9592427755221453,
   1.0471975511965976,
   -0.5692963330446754,
   0.033979930140296544
  ],
  [
   -1.0471975511965976,
   0.21871813582552557,
   -1.0471975511965976,
   -0.7972978669605026
  ],
  [
   1.0471975511965976,
   0.24605625962937228,
   0.7183548374969825,
   -1.0471975511965976
  ],
  [
   -1.0471975511965976,
   0.09421431659680779,
   0.248420892371213,
   -1.0471975511965976
  ],
  [
   0.3851597183835206,
   0.07680762185185766,
   -1.0448759234401908,
   0.6090304230081928
  ],
  [
   -1.0471975511965976,
   1.0471975511965976,
   -0.7576162613447655,
   0.5077686543164844
  ]
 ],
 [
  [
   1.0471975511965976,
   0.5918945270930296,
   -1.0471975511965976,
   -1.0471975511965976
  ],
  [
   -0.2195400526213882,
   0.3606367032728351,
   -0.4850245334907144,
   -0.7754930887740731
  ],
  [
   -0.9639824663372838,
   -1.0471975511965976,
   0.1179337509425851,
   -0.30368237839492795
  ],
  [
   -0.3165754824439301,
   0.5402669696524487,
   0.5398454115139484,
   -1.0471975511965976
  ],
  [
   0.42804979662996734,
   -1.0471975511965976,
   0.8790001893657042,
   -0.17532134955086376
  ],
  [
   1.0471975511965976,
   -1.0471975511965976,
   0.019141570275080233,
   0.13515945330340695
  ],
  [
   -0.6835651711549433,
   1.0032670530787449,
   -0.021402194497337268,
   0.16484357585571074
  ],
  [
   -0.7509570209855847,
   -0.06485885568394462,
   0.12552842935242997,
   -1.0471975511965976
  ],
  [
   0.4264119665157805,
   0.5320365302356964,
   -1.0471975511965976,
   -0.2815393657962767
  ],
  [
   0.35466674110379676,
   0.257031737172026,
   -0.0011102266779917658,
   1.0471975511965976
  ],
  [
   -0.7899130355929692,
   1.0471975511965976,
   -0.2817635183193028,
   -0.608411154414028
  ],
  [
   -0.9405904583892042,
   1.0471975511965976,
   -0.5933202619195892,
   0.5333974972831832
  ],
  [
   -1.0471975511965976,
   -0.8384680379920925,
   0.0374664937995009,
   1.0471975511965976
  ],
  [
   -1.0471975511965976,
   -0.42623077053324165,
   -0.6790252922320641,
   -0.4084264215290111
  ],
  [
   -0.9211300174790416,
   1.0471975511965976,
   -0.4145011627701905,
   0.9958780235362503
  ],
  [
   1.0471975511965976,
   0.051165999037780296,
   -0.48034380002332283,
   -1.0471975511965976
  ],
  [
   0.9468745278556177,
   0.7806376146490903,
   1.0471975511965976,
   -1.0262897817887235
  ],
  [
   -0.2678200750347701,
   -0.2098481195653944,
   0.16339249755054258,
   0.821341941073102
  ],
  [
   1.0471975511965976,
   -1.0471975511965976,
   0.5607900091145311,
   0.023313128546955775
  ],
  [
   -1.0471975511965976,
   -0.16317436658587947,
   0.1707597866842349,
   -1.0471975511965976
  ],
  [
   1.0471975511965976,
   -1.0471975511965976,
   0.07978581095300968,
   -1.0471975511965976
  ],
  [
   1.0471975511965976,
   1.0471975511965976,
   -0.23515489960479247,
   -1.0471975511965976
  ],
  [
   -1.0471975511965976,
   1.0471975511965976,
   -0.4631392229645964,
   1.0471975511965976
  ],
  [
   -0.06880191565311201,
   0.9604193682547856,
   1.0471975511965976,
   -1.0471975511965976
  ],
  [
   0.23737553663687805,
   0.9392154185485805,
   0.46915918169505066,
   -0.24642954116366467
  ],
  [
   -0.21795164517267507,
   -1.0044816056102739,
   -0.4716611374358193,
   1.0471975511965976
  ],
  [
   -0.011085935909613376,
   -1.0471975511965976,
   0.6472250654088225,
   1.0471975511965976
  ],
  [
   -0.8948775569779948,
   -0.5997523188243181,
   1.0471975511965976,
   1.0471975511965976
  ],
  [
   -1.0471975511965976,
   0.40593444370987375,
   -1.0471975511965976,
   -1.0471975511965976
  ],
  [
   1.0471975511965976,
   1.0204507380415084,
   -1.0471975511965976,
   -1.0471975511965976
  ],
  [
   0.5162244335389446,
   -0.8309445057225155,
   -0.8031692161227628,
   1.0471975511965976
  ],
  [
   -0.4136935186604939,
   -0.17426856598611923,
   1.0471975511965976,
   0.9124565937383239
  ],
  [
   0.7220440948647511,
   -0.5796997616932464,
   -0.4042066938789054,
   -1.0471975511965976
  ],
  [
   0.073824624397267,
   1.0471975511965976,
   1.0471975511965976,
   -0.40801180170887136
  ],
  [
   -0.420427103732981,
   -1.0471975511965976,
   0.5501978460135756,
   -0.7334868489631278
  ],
  [
   1.0471975511965976,
   -0.597421693590703,
   -1.0471975511965976,
   -1.0471975511965976
  ],
  [
   -0.8838656134972115,
   -0.5273627425846026,
   -0.9000442025207354,
   -0.03662395578633096
  ],
  [
   -1.0236247094577688,
   -1.0471975511965976,
   0.6153878191651572,
   -0.9650471703581508
  ],
  [
   0.28200010423007815,
   -0.21979051760435658,
   -0.3230798326114125,
   -0.6063532897909378
  ],
  [
   -0.7712901340022451,
   -1.0256952182936172,
   0.17743154173021403,
   -1.0471975511965976
  ],
  [
   -0.8472543148808085,
   0.14284051688852645,
   1.0471975511965976,
   -0.3796424719859047
  ],
  [
   1.0471975511965976,
   0.6971480427353103,
   -1.0471975511965976,
   -0.2881825057433627
  ],
  [
   0.002324882315537874,
   0.7903329521736795,
   1.0471975511965976,
   -0.32677612651383525
  ],
  [
   -1.0303033954443748,
   -1.0471975511965976,
   -0.7014057565370195,
   -1.0471975511965976
  ],
  [
   1.0471975511965976,
   1.0471975511965976,
   -0.057884654525588775,
   -1.0471975511965976
  ],
  [
   -0.4893062178415847,
   -0.13154970362855622,
   -0.7833225824854864,
   0.5793711661435754
  ],
  [
   -0.4945716144470864,
   0.49569870072004363,
   1.0471975511965976,
   -1.0471975511965976
  ],
  [
   -0.5008758583082175,
   0.3820668019659872,
   -0.8565207462134641,
   0.3406457557118604
  ],
  [
   1.0471975511965976,
   -0.06498024340127412,
   -1.0471975511965976,
   -1.0471975511965976
  ],
  [
   0.6488991849137523,
   1.0471975511965976,
   -1.0471975511965976,
   1.0471975511965976
  ],
  [
   1.0471975511965976,
   0.8071944457003806,
   0.20826255757434442,
   0.009078853995739933
  ],
  [
   -1.0471975511965976,
   -1.0471975511965976,
   1.0115347203608869,
   -0.3453118078437635
  ],
  [
   -1.0471975511965976,
   0.02685535451733223,
   1.0471975511965976,
   0.0749013225474704
  ],
  [
   -1.0471975511965976,
   -1.0471975511965976,
   1.0471975511965976,
   -0.8046497668184803
  ],
  [
   -0.5759999662314729,
   -0.6982453458427236,
   -0.061083317583232405,
   -1.0471975511965976
  ],
  [
   1.0471975511965976,
   1.0471975511965976,
   -0.028471495961331028,
   -0.28381203244412057
  ],
  [
   -0.3208242851839245,
   -1.0471975511965976,
   0.9885196463661804,
   0.22096087156615063
  ],
  [
   0.31616380971603647,
   -0.26585298590794026,
   0.39286864027236945,
   -1.0471975511965976
  ],
  [
   -0.4381686415356012,
   -1.0471975511965976,
   1.0471975511965976,
   -0.396059235470638
  ],
  [
   -1.0471975511965976,
   -0.16638038578050607,
   1.0471975511965976,
   -0.4458405341422189
  ],
  [
   -0.21857580730125892,
   0.32654089272667464,
   0.7829351384479579,
   1.0471975511965976
  ],
  [
   -0.5659890366351563,
   -0.4683377952567206,
   -0.47257738175375574,
   -1.0471975511965976
  ],
  [
   -0.7405779713194054,
   1.0471975511965976,
   -0.7537262269178489,
   0.29133887525831326
  ],
  [
   -0.05242571244940286,
   -0.6481068242274047,
   -0.4443907796047366,
   0.8252597262143097
  ],
  [
   0.46853116581478943,
   1.0471975511965976,
   -0.18006798066118046,
   0.8896816492921218
  ],
  [
   -1.0471975511965976,
   -0.5066287065648368,
   -0.9240161082199609,
   -0.49162089968263734
  ],
  [
   -0.4137318095429583,
   -0.42765798574599667,
   -0.8075715351608759,
   -0.420805653728869
  ],
  [
   -1.0471975511965976,
   0.18105783549018106,
   -0.13865732012433796,
   -0.5988922381020212
  ],
  [
   -1.0471975511965976,
   -1.0471975511965976,
   0.7354564921104576,
   1.0471975511965976
  ],
  [
   -0.496685823384776,
   -1.0471975511965976,
   -0.09992993879752243,
   -1.0471975511965976
  ],
  [
   -0.011086012266645517,
   0.8644684945493654,
   -1.0283665944570146,
   -0.3795950592914825
  ],
  [
   0.8743005512457864,
   -0.47841969928153005,
   -0.3737764177550197,
   0.10808082593060675
  ],
  [
   0.7465688254415453,
   0.03435796817262515,
   -0.2963109428824152,
   1.0471975511965976
  ],
  [
   -0.27550868194531275,
   -1.0471975511965976,
   -0.4244676086301026,
   -0.1256578711595555
  ],
  [
   -0.7062951778778396,
   1.0471975511965976,
   0.4799541483334706,
   -1.0471975511965976
  ],
  [
   -1.0471975511965976,
   0.09464408339895754,
   -0.06751827077243804,
   -1.0471975511965976
  ],
  [
   -0.8749984921016234,
   0.9430663869145789,
   1.0471975511965976,
   -1.0471975511965976
  ],
  [
   -0.9693855891433588,
   -1.0471975511965976,
   -0.1443623262682186,
   -0.5594260665844422
  ],
  [
   -0.7623470142438376,
   -0.7803985642243254,
   1.0471975511965976,
   1.0471975511965976
  ],
  [
   0.48149399288441475,
   -1.0471975511965976,
   -1.0471975511965976,
   -0.4530938218904223
  ]
 ],
 [
  [
   -0.27683025510535103,
   -1.0471975511965976,
   -1.0471975511965976,
   -1.0471975511965976
  ],
  [
   -1.0471975511965976,
   0.383599785013679,
   0.8051501222678391,
   -1.0471975511965976
  ],
  [
   0.8470600430266052,
   0.30007111859393226,
   -1.0471975511965976,
   -0.9062335269353874
  ],
  [
   -0.3500268014819141,
   1.0215094706161043,
   -0.06803773592740603,
   -1.0471975511965976
  ],
  [
   0.3187631785982281,
   0.27467901071232803,
   -0.7226480701764862,
   -1.0471975511965976
  ],
  [
   0.7649618857531797,
   -1.0471975511965976,
   0.5408520357643576,
   0.7389964010608804
  ],
  [
   0.17600621359244273,
   -0.7239145174704139,
   1.0471975511965976,
   0.10119530827525114
  ],
  [
   -1.0471975511965976,
   -1.0471975511965976,
   1.0471975511965976,
   0.034206584509651534
  ],
  [
   0.8104654538848561,
   -1.0471975511965976,
   -0.8846031295522981,
   -0.95382208442376
  ],
  [
   -0.19256389245485694,
   1.0471975511965976,
   -0.7680833234203902,
   -0.6704097422852588
  ],
  [
   -0.9329289234721798,
   0.4100553497207825,
   1.0471975511965976,
   -0.05569963579475734
  ],
  [
   -1.0471975511965976,
   -0.15216011873829982,
   -0.30551969574244,
   -0.7634279288605192
  ],
  [
   -1.0471975511965976,
   -1.0471975511965976,
   0.11374977704469469,
   0.15296653615914968
  ],
  [
   -1.0471975511965976,
   0.897240676250977,
   0.6820380516257782,
   -1.0471975511965976
  ],
  [
   -0.6968827327691032,
   1.0471975511965976,
   -1.0471975511965976,
   -1.0471975511965976
  ],
  [
   0.44847472900042473,
   -0.4496577940508346,
   -1.0471975511965976,
   1.0471975511965976
  ],
  [
   0.8738664255525066,
   -0.743228080158581,
   1.0471975511965976,
   1.0471975511965976
  ],
  [
   0.5575454655847929,
   -0.7531522349892232,
   1.0471975511965976,
   0.8519181559876587
  ],
  [
   -0.2787502327389256,
   1.0471975511965976,
   -1.0471975511965976,
   -1.0471975511965976
  ],
  [
   -0.47888517405050535,
   -0.4810909228249074,
   0.15525194444889506,
   -0.8803934567468028
  ],
  [
   -0.8436477629448743,
   1.0373128326858694,
   1.0471975511965976,
   -0.14379090510277648
  ],
  [
   -0.5360486408862216,
   -0.5852320793773174,
   0.5184052250043945,
   -0.6742673431992667
  ],
  [
   -1.0471975511965976,
   0.6165182935283459,
   1.0471975511965976,
   -0.3643278703330688
  ],
  [
   0.528671142568131,
   -0.6692814618609462,
   -1.0471975511965976,
   -0.3843590523265866
  ],
  [
   -0.8740168976170909,
   1.0471975511965976,
   1.0471975511965976,
   -1.0471975511965976
  ],
  [
   0.30815720902243177,
   0.08527032128609571,
   0.10112341026322114,
   1.0471975511965976
  ],
  [
   1.0471975511965976,
   -0.8305513483259231,
   1.0471975511965976,
   -1.0471975511965976
  ],
  [
   -0.4816496512308069,
   0.2654305327416514,
   1.0471975511965976,
   -1.0471975511965976
  ],
  [
   -1.0471975511965976,
   -1.0471975511965976,
   -1.0471975511965976,
   0.5728314226321061
  ],
  [
   1.0471975511965976,
   0.6329410320719214,
   1.0471975511965976,
   1.0471975511965976
  ],
  [
   1.0471975511965976,
   -1.0285652398068803,
   -0.10478732532098445,
   1.0471975511965976
  ],
  [
   0.3176935893071998,
   -0.7452570927743009,
   0.1977015196099755,
   1.0471975511965976
  ],
  [
   0.15898131464947385,
   -0.7409139609423732,
   -0.6511633481035279,
   0.7710431372514814
  ],
  [
   1.0471975511965976,
   -0.06767257088001943,
   0.46786509527869824,
   -1.0471975511965976
  ],
  [
   -1.0471975511965976,
   -0.7310233240984084,
   -0.6224510252638478,
   -0.7624818419716674
  ],
  [
   0.23976175320658288,
   -1.0471975511965976,
   -0.33410354788279595,
   -0.28851807122610174
  ],
  [
   -0.7850536977965878,
   -0.06960424298820071,
   -0.6012600481929664,
   -1.0471975511965976
  ],
  [
   -1.0471975511965976,
   -0.2987217738408243,
   1.016868504489294,
   0.04364362781914116
  ],
  [
   1.0471975511965976,
   -1.0471975511965976,
   -0.6577141474906936,
   -1.0471975511965976
  ],
  [
   -0.7228865224523786,
   -0.5993807774076312,
   -0.0015961671366305774,
   -0.3458621159361664
  ],
  [
   -1.0471975511965976,
   0.6684208302889412,
   1.0142829031427891,
   0.4361200311196287
  ],
  [
   0.20514403147489102,
   -0.09817911153555747,
   -1.0471975511965976,
   1.0471975511965976
  ],
  [
   -0.7223455176319483,
   1.0471975511965976,
   1.0471975511965976,
   -0.3529600367455913
  ],
  [
   -1.0471975511965976,
   -0.3400401150065685,
   1.0471975511965976,
   -0.7339970299944995
  ],
  [
   0.15123041197963555,
   -0.4600711785031805,
   0.14095008631903372,
   1.0471975511965976
  ],
  [
   0.6317807480779275,
   -1.0471975511965976,
   0.6686796964069066,
   0.6270713682099939
  ],
  [
   -0.07136561116256593,
   -0.009973964845429784,
   0.5252395808482057,
   0.22640870492932041
  ],
  [
   0.7444066628440957,
   0.3706245233453682,
   -0.6786173161449913,
   0.061340193895699335
  ],
  [
   -0.291223961231032,
   1.0471975511965976,
   0.1831546742941787,
   -0.782426964025041
  ],
  [
   0.4359740149954824,
   -1.0471975511965976,
   -1.0471975511965976,
   -0.4754968861075723
  ],
  [
   1.0471975511965976,
   -1.0471975511965976,
   -0.7459371789801938,
   -1.0471975511965976
  ],
  [
   -0.23985287028892865,
   -1.0471975511965976,
   0.5902579736363627,
   -0.3747026151097326
  ],
  [
   -0.18005294786236492,
   -1.0471975511965976,
   0.10927408844034076,
   -0.08116135317482809
  ],
  [
   -0.5383946116739204,
   0.05033079711337268,
   1.0471975511965976,
   -1.0471975511965976
  ],
  [
   -0.695689971263699,
   -0.5153644385048135,
   -0.9586163667400636,
   -0.2081273901522115
  ],
  [
   -1.0471975511965976,
   -1.0471975511965976,
   0.22964037011966143,
   -0.19296816257754057
  ],
  [
   -0.4213376847983936,
   -1.0471975511965976,
   1.0471975511965976,
   -0.05247280876623006
  ],
  [
   0.09806779904488469,
   -1.0471975511965976,
   0.846974163499071,
   0.7916428450871194
  ],
  [
   1.0471975511965976,
   -1.0471975511965976,
   0.9065472671964494,
   -0.5717568174360055
  ],
  [
   -0.5508696942777043,
   -1.0471975511965976,
   -1.0471975511965976,
   -1.0471975511965976
  ],
  [
   1.0471975511965976,
   -1.0471975511965976,
   -0.20495460097155382,
   -0.01750676168547538
  ],
  [
   0.7325722828720707,
   1.0471975511965976,
   0.4561197335574184,
   -0.6269542348236283
  ],
  [
   1.0471975511965976,
   -1.0471975511965976,
   1.036418531332553,
   -0.07069456916742811
  ],
  [
   -1.0471975511965976,
   0.09932696131509386,
   1.0471975511965976,
   -0.9988949946251082
  ],
  [
   0.49866284678975425,
   1.0471975511965976,
   1.0471975511965976,
   -0.2506026255377259
  ],
  [
   -1.0471975511965976,
   -0.9295061227743252,
   1.0471975511965976,
   0.18720187946820566
  ],
  [
   0.6299234874325388,
   -0.2969271630652527,
   1.0471975511965976,
   1.0471975511965976
  ],
  [
   0.10909593031163856,
   -0.9263037978947695,
   0.5639244187251949,
   -1.0471975511965976
  ],
  [
   1.0471975511965976,
   -1.0471975511965976,
   1.0471975511965976,
   0.2221898368758915
  ],
  [
   0.8669071335710254,
   0.02001258546512763,
   -0.15555548510598227,
   -1.0471975511965976
  ],
  [
   -0.4077115608608066,
   0.7300469253490539,
   -1.0471975511965976,
   -1.0199598596333934
  ],
  [
   1.0471975511965976,
   -0.09305327857538215,
   0.10975688872299616,
   -0.17751108730979648
  ],
  [
   -1.0471975511965976,
   -0.5655699603307387,
   -0.16294385839313166,
   0.09627904649107155
  ],
  [
   -1.0471975511965976,
   -0.5510892584483547,
   -1.0471975511965976,
   -0.1066601122354715
  ],
  [
   -0.924385465064934,
   -1.0271537424920785,
   -0.5442890577219968,
   0.667255615918193
  ],
  [
   -0.5060962446431325,
   0.3383034821946028,
   -0.11576934921269821,
   -1.0471975511965976
  ],
  [
   -0.41372939269173303,
   1.0471975511965976,
   1.0471975511965976,
   -1.0471975511965976
  ],
  [
   1.0471975511965976,
   -1.039367209786298,
   0.7107220538267643,
   -0.32890340080073077
  ],
  [
   -0.030891314799524117,
   0.6831744170741371,
   1.0471975511965976,
   0.19416869557456784
  ],
  [
   -0.672085897013531,
   1.0471975511965976,
   -0.0429370503333969,
   0.046809410832507774
  ]
 ],
 [
  [
   0.015115264212919727,
   0.8563113636004791,
   -0.5304905398908694,
   -1.0137480064342232
  ],
  [
   0.454283350025543,
   -0.7377370981953363,
   1.0471975511965976,
   -0.2843006981344014
  ],
  [
   0.45138617949999177,
   -1.0471975511965976,
   0.8860431731393238,
   -1.0471975511965976
  ],
  [
   0.9062808140730304,
   0.9850257341413705,
   0.34870299724435017,
   0.61280374794141
  ],
  [
   -0.33654601792379174,
   -0.47086524823922693,
   0.5675348223479032,
   -1.0471975511965976
  ],
  [
   0.5892970304099434,
   -1.0471975511965976,
   0.45552255314192114,
   0.6692083801162283
  ],
  [
   -0.32499002140955413,
   0.7703102086334498,
   0.8012082791220538,
   1.0471975511965976
  ],
  [
   -0.5892991880314005,
   -1.0471975511965976,
   0.13299902454495405,
   -0.3861330936651616
  ],
  [
   0.6591364127639037,
   0.6318343078504738,
   -0.27114503246452765,
   -0.4855177888418557
  ],
  [
   0.14889386424369844,
   0.9115278681982508,
   -0.4862268374682675,
   -1.0471975511965976
  ],
  [
   0.5550299231671125,
   -1.0471975511965976,
   -1.004897245671844,
   -0.9748481014154099
  ],
  [
   -0.27261591078011044,
   -0.765033751185735,
   1.0471975511965976,
   -1.0471975511965976
  ],
  [
   -0.663867242652773,
   -1.0471975511965976,
   -0.6932607240830693,
   -1.0471975511965976
  ],
  [
   -1.0471975511965976,
   -0.13300970319697641,
   -0.8665820536972417,
   -0.48825083953869675
  ],
  [
   0.25088234676964216,
   -1.0471975511965976,
   -1.0471975511965976,
   -1.0471975511965976
  ],
  [
   0.22414358345632196,
   0.8961700018096882,
   1.0471975511965976,
   -0.9950873903077072
  ],
  [
   1.0471975511965976,
   -1.0471975511965976,
   1.0471975511965976,
   1.0471975511965976
  ],
  [
   1.0471975511965976,
   0.5463637665324259,
   0.36017224919030233,
   -1.0471975511965976
  ],
  [
   -0.7992396264733008,
   0.47159079025527606,
   -0.2135113977649848,
   -1.0471975511965976
  ],
  [
   1.0471975511965976,
   -0.9071627317358326,
   0.2538228353219948,
   -1.0471975511965976
  ],
  [
   -0.27362834586365103,
   -1.0471975511965976,
   -1.0471975511965976,
   -0.4731062722856638
  ],
  [
   0.7055346930084261,
   -0.9042831527394198,
   -0.8960809206834109,
   -1.0471975511965976
  ],
  [
   0.5357922806324701,
   -0.3331032383141581,
   -0.6229294156251669,
   1.0471975511965976
  ],
  [
   0.058256404532789685,
   -1.0471975511965976,
   -1.0471975511965976,
   -0.12328896562734604
  ],
  [
   -1.0253812802675983,
   -1.0471975511965976,
   0.15127741792424176,
   0.5247717117637762
  ],
  [
   -1.0471975511965976,
   -0.7076078595112538,
   1.0471975511965976,
   -0.3648375118041296
  ],
  [
   -0.8068803751328961,
   0.2481455097154157,
   1.0471975511965976,
   -0.4901988831641264
  ],
  [
   0.35876450265418236,
   -0.38108564512832976,
   -0.09187786754670102,
   0.3665407529962387
  ],
  [
   -1.0471975511965976,
   -1.0471975511965976,
   -0.2647908020170725,
   -0.24013849676628388
  ],
  [
   -0.14657912807752765,
   0.31848228773132947,
   -0.8729239365570552,
   0.6066778875036917
  ],
  [
   0.7034423452926517,
   -0.850376329503391,
   -1.0471975511965976,
   -0.609545577164805
  ],
  [
   -1.0471975511965976,
   -1.0471975511965976,
   -1.0471975511965976,
   1.0471975511965976
  ],
  [
   0.249378613486418,
   -0.9471861737248215,
   -1.0471975511965976,
   1.0471975511965976
  ],
  [
   -0.25158737478459425,
   -0.5293512788615918,
   -1.0471975511965976,
   -1.0471975511965976
  ],
  [
   -1.0471975511965976,
   -1.0471975511965976,
   -0.9763978910399406,
   -1.0471975511965976
  ],
  [
   0.23022423674931236,
   -1.0471975511965976,
   1.0471975511965976,
   -0.8276358882294317
  ],
  [
   1.0471975511965976,
   -0.7015877174603344,
   -0.20760816643997426,
   -1.0471975511965976
  ],
  [
   -0.7423203973406814,
   0.553788999296549,
   -0.4459738265370703,
   -1.0471975511965976
  ],
  [
   -1.0471975511965976,
   -0.6589247879862623,
   -0.26605801626531655,
   -0.3800310977046819
  ],
  [
   -1.0471975511965976,
   0.22515336159844246,
   1.0471975511965976,
   1.0298528011902792
  ],
  [
   -1.0471975511965976,
   0.11013701040162921,
   -1.0471975511965976,
   1.0471975511965976
  ],
  [
   0.8559012949786138,
   -0.9580281295181563,
   -0.727987107673167,
   0.8293280561630059
  ],
  [
   -0.18244179770962016,
   0.8398083634484039,
   1.0471975511965976,
   0.6711205082671081
  ],
  [
   1.0471975511965976,
   -1.0471975511965976,
   1.0471975511965976,
   -1.0471975511965976
  ],
  [
   0.7941751506178116,
   0.5552589598008624,
   1.0234373420900398,
   -0.6435299211474292
  ],
  [
   0.04813499044565317,
   0.1975428714113343,
   1.0157201397429858,
   -1.0471975511965976
  ],
  [
   0.6912720047353117,
   1.0471975511965976,
   1.0471975511965976,
   -0.945638700411248
  ],
  [
   1.0471975511965976,
   -0.6883154131387139,
   0.8578006460791676,
   0.41027965697282065
  ],
  [
   -1.0471975511965976,
   1.0471975511965976,
   0.8971878006379651,
   0.9376556958146877
  ],
  [
   0.2818320831729725,
   -0.662114315611993,
   -1.0471975511965976,
   1.0471975511965976
  ],
  [
   0.9894494517647436,
   -0.593153464265993,
   0.8229542151786298,
   -0.10822446569644817
  ],
  [
   -1.0471975511965976,
   -1.008967379621493,
   1.0471975511965976,
   -0.5947107243508658
  ],
  [
   0.206904238072199,
   -1.0471975511965976,
   -0.14145123554819888,
   0.9271045983071255
  ],
  [
   1.0471975511965976,
   -1.0471975511965976,
   0.5890817479697996,
   -1.0471975511965976
  ],
  [
   1.0471975511965976,
   0.28095067976639576,
   -1.0471975511965976,
   -1.0471975511965976
  ],
  [
   -0.8278776269381485,
   -1.0471975511965976,
   -0.2230464156717219,
   0.27703014218877187
  ],
  [
   0.04323470906198984,
   1.0471975511965976,
   1.0471975511965976,
   -1.0471975511965976
  ],
  [
   0.757283506128646,
   -1.0471975511965976,
   0.6743340330560927,
   1.0471975511965976
  ],
  [
   -0.09747355504962624,
   -1.0471975511965976,
   0.6266518885190991,
   -0.5476901259187782
  ],
  [
   -1.0471975511965976,
   -0.17067746188311606,
   0.019842789311736844,
   -1.0471975511965976
  ],
  [
   -1.0471975511965976,
   0.9025377932145782,
   -0.9892707147569705,
   0.17762760181591475
  ],
  [
   0.32456948704667365,
   0.13375422829993555,
   0.7292910209769677,
   -0.3584729426402261
  ],
  [
   1.0471975511965976,
   -1.0471975511965976,
   1.0471975511965976,
   -0.3204668586753012
  ],
  [
   -1.0471975511965976,
   -0.4405276118534897,
   0.045125847301614,
   -1.0471975511965976
  ],
  [
   1.0471975511965976,
   -0.5939913960636073,
   -0.016309097974762876,
   -1.0471975511965976
  ],
  [
   -0.8210329148652125,
   -0.42295543350502685,
   -0.2978649298122341,
   1.0471975511965976
  ],
  [
   -0.7342788515000067,
   1.0471975511965976,
   0.7551540903227008,
   -0.086904751733331
  ],
  [
   0.23332076202626775,
   1.0471975511965976,
   -0.33918659619149927,
   0.4229093816651288
  ],
  [
   -0.06428757065173096,
   -0.9568147450834255,
   0.8261569377047974,
   0.8419636870776935
  ],
  [
   0.6039548519786564,
   -1.0471975511965976,
   -0.7702755226373653,
   -0.6082456092911804
  ],
  [
   0.46533108277893853,
   1.0453799354476851,
   -1.0471975511965976,
   1.0471975511965976
  ],
  [
   0.46231979057749406,
   0.9459421121188436,
   0.7353006543293175,
   1.0471975511965976
  ],
  [
   1.0471975511965976,
   -0.10942892320368647,
   0.8912188299559755,
   0.03557395569168349
  ],
  [
   0.19829797078007905,
   1.0471975511965976,
   0.2982698848532943,
   0.09103309591190042
  ],
  [
   0.17870858609065038,
   1.0471975511965976,
   -0.9550435231932624,
   1.0471975511965976
  ],
  [
   -0.13269323344757666,
   -0.9202705501664523,
   -1.0471975511965976,
   0.7653517986303713
  ],
  [
   0.20448051309146875,
   -1.0471975511965976,
   0.4766013826515493,
   -0.7438720848168474
  ],
  [
   -0.4392661914557549,
   0.25690941517992405,
   1.0471975511965976,
   -0.7938184527672116
  ],
  [
   0.6285777574847485,
   -0.3129365651764339,
   1.0471975511965976,
   1.0471975511965976
  ],
  [
   -1.0471975511965976,
   1.0471975511965976,
   -0.004431756760536865,
   0.6032321063759616
  ]
 ],
 [
  [
   0.3609346520808867,
   -0.03851661334613188,
   -1.0471975511965976,
   -0.37361833822712354
  ],
  [
   0.9355944354451595,
   1.0471975511965976,
   -0.275976391244403,
   -0.5909294766020629
  ],
  [
   1.014112174173735,
   -0.8019873412855912,
   -1.0471975511965976,
   -1.0471975511965976
  ],
  [
   0.08146325672898583,
   1.0471975511965976,
   0.2712331519524729,
   0.8731851292797046
  ],
  [
   -0.5168193891496007,
   1.0471975511965976,
   1.0471975511965976,
   0.09355775042398573
  ],
  [
   0.7637635687936155,
   -0.02027118748934864,
   0.5775954391145581,
   -0.21294248505144298
  ],
  [
   1.0471975511965976,
   -0.5506087961049251,
   0.5999795595834694,
   1.0471975511965976
  ],
  [
   -0.9270733245106332,
   -1.0471975511965976,
   0.8445726608083923,
   -0.5191518220186647
  ],
  [
   0.9674150302915061,
   0.1241443053489445,
   0.2659751402092405,
   -1.0471975511965976
  ],
  [
   0.029797173610874417,
   0.0711995836958278,
   0.8195545226535531,
   1.0471975511965976
  ],
  [
   0.29563497744561884,
   1.0471975511965976,
   0.21993893114382906,
   -1.0471975511965976
  ],
  [
   0.15223724346800754,
   1.0471975511965976,
   0.7174192043224907,
   -1.0471975511965976
  ],
  [
   -1.0471975511965976,
   -1.0471975511965976,
   1.0471975511965976,
   -1.0471975511965976
  ],
  [
   -1.0471975511965976,
   0.5961515697130231,
   -0.9997930739205156,
   -0.6315262094738205
  ],
  [
   -0.9659712064558088,
   1.0471975511965976,
   -1.0471975511965976,
   1.0471975511965976
  ],
  [
   1.0471975511965976,
   -1.0382744360655964,
   -0.6099595054403377,
   -0.9396069279143201
  ],
  [
   0.6251863692782482,
   1.0471975511965976,
   -1.0471975511965976,
   -1.0471975511965976
  ],
  [
   -1.0471975511965976,
   -0.4325184654070139,
   0.9267921883812809,
   -0.8599181599066062
  ],
  [
   -0.17008691991884006,
   1.0471975511965976,
   0.6561275767260792,
   -0.7483500158538055
  ],
  [
   -0.40845828483824165,
   -0.17251827320789198,
   1.0471975511965976,
   -1.0471975511965976
  ],
  [
   -1.0471975511965976,
   0.2324072996705259,
   0.09746644091428369,
   -0.8261037800441162
  ],
  [
   -0.6759694663297094,
   -0.5640847923315976,
   -0.136107272643389,
   0.29813707565371506
  ],
  [
   -0.1928146103454511,
   1.0471975511965976,
   1.0471975511965976,
   -1.0471975511965976
  ],
  [
   0.4748690157203411,
   1.0471975511965976,
   -0.8617706709078563,
   -1.0471975511965976
  ],
  [
   0.9336569398704813,
   1.0471975511965976,
   1.0291233953750427,
   0.39797972563826023
  ],
  [
   0.33557806257252465,
   1.0471975511965976,
   1.0471975511965976,
   -0.4268180388051932
  ],
  [
   -1.0471975511965976,
   -0.5122806073173489,
   -0.06865966535857626,
   -1.0471975511965976
  ],
  [
   0.3989362831244023,
   -0.6650496376239838,
   1.0471975511965976,
   0.8295501509193762
  ],
  [
   -1.0471975511965976,
   -0.4063516896553628,
   -0.32082897986113446,
   -0.7145539246452849
  ],
  [
   -1.0471975511965976,
   1.0471975511965976,
   -1.0471975511965976,
   -0.7543378295956962
  ],
  [
   0.25051381730577815,
   -1.0471975511965976,
   -0.743044016062383,
   -0.9418230920085192
  ],
  [
   -0.49997752512718674,
   -1.0471975511965976,
   -1.0471975511965976,
   1.0471975511965976
  ],
  [
   0.42308233661582273,
   0.9652643308875912,
   -0.4783866291646244,
   -1.0471975511965976
  ],
  [
   -1.0471975511965976,
   0.6976946240165459,
   -0.5260327279546395,
   -1.0471975511965976
  ],
  [
   -0.878549262495589,
   0.7419788378615448,
   1.0471975511965976,
   -0.37905238974921157
  ],
  [
   1.0471975511965976,
   1.0471975511965976,
   0.03393644513157734,
   0.11746033740419362
  ],
  [
   -0.4177417423479521,
   -1.0471975511965976,
   0.4122422152306626,
   -0.7163877408329316
  ],
  [
   -1.0471975511965976,
   -0.9872223790820767,
   -1.0471975511965976,
   -0.9727136359085401
  ],
  [
   -0.04012223571530016,
   -0.016966638148731228,
   -0.37744012112188874,
   -1.0471975511965976
  ],
  [
   -1.0471975511965976,
   -1.0471975511965976,
   -0.037904659844794075,
   -0.1349137318157786
  ],
  [
   -1.0471975511965976,
   0.9721252188432182,
   0.6301260069453456,
   0.4129043747319494
  ],
  [
   0.8133075603784675,
   1.0471975511965976,
   -0.10505033337715142,
   0.6259889528799503
  ],
  [
   -0.8022597133069397,
   0.35190414008589943,
   1.0075218603922993,
   -0.6393694726874304
  ],
  [
   -1.0471975511965976,
   -1.0471975511965976,
   -1.0174329134843068,
   -0.6778054516108166
  ],
  [
   1.0471975511965976,
   -1.0471975511965976,
   -0.01695757149781163,
   0.13082718842702834
  ],
  [
   1.0471975511965976,
   -1.0471975511965976,
   -0.1060537434260525,
   -1.0471975511965976
  ],
  [
   -0.6361844782684813,
   1.0471975511965976,
   1.0471975511965976,
   1.022883871449673
  ],
  [
   -0.5524520549379695,
   0.6292507672716054,
   1.0471975511965976,
   -0.9776236913460914
  ],
  [
   -0.014188874405743457,
   0.33483102476226645,
   0.1919956853989716,
   -1.0471975511965976
  ],
  [
   0.9810527538502567,
   1.0471975511965976,
   0.8955969270500295,
   1.0471975511965976
  ],
  [
   1.0471975511965976,
   -1.0471975511965976,
   -0.45060831985782535,
   0.1496612418588097
  ],
  [
   0.5553887359096272,
   -1.0471975511965976,
   -1.0471975511965976,
   -1.0471975511965976
  ],
  [
   -0.3695180384900977,
   -0.22917583624336724,
   -0.6725386645091668,
   0.5876939463741389
  ],
  [
   0.8967476973231184,
   1.0471975511965976,
   -0.021574646481217596,
   -0.3494164537774329
  ],
  [
   -0.6331716242640377,
   -1.0471975511965976,
   0.02692834199668559,
   -1.0471975511965976
  ],
  [
   0.563304550620254,
   -1.0471975511965976,
   0.006285328213176566,
   0.7251635460931003
  ],
  [
   -1.0471975511965976,
   -0.19256098253235032,
   -0.05155497710057533,
   0.3013534183285176
  ],
  [
   0.38926208118603517,
   0.04196488123608,
   1.0471975511965976,
   -0.5997853780493086
  ],
  [
   0.45332404693668826,
   -1.0185155776356658,
   0.687749349124122,
   -0.9743121742912327
  ],
  [
   -1.0471975511965976,
   0.8485354714240301,
   -0.2253483344645023,
   -0.8148800369274408
  ],
  [
   1.0471975511965976,
   -1.0471975511965976,
   1.0471975511965976,
   1.0471975511965976
  ],
  [
   0.980727126101469,
   -0.12914684921808375,
   1.0471975511965976,
   -1.0471975511965976
  ],
  [
   1.0471975511965976,
   -1.0471975511965976,
   0.5870267102665649,
   -0.7679538697709726
  ],
  [
   -0.9070264957765585,
   -0.804511336893352,
   0.9022090158124545,
   -0.04657098091432893
  ],
  [
   -0.7648417414683375,
   0.5777442963609896,
   1.0471975511965976,
   -1.0471975511965976
  ],
  [
   -0.4308870271622819,
   1.0471975511965976,
   0.5023930361908449,
   -1.0471975511965976
  ],
  [
   -0.5651715222774153,
   -0.8345854005780997,
   0.5920954195266512,
   0.8439889958024199
  ],
  [
   0.06258484096180528,
   1.0471975511965976,
   0.8328293486657263,
   -1.0471975511965976
  ],
  [
   -0.612443673612767,
   0.3568745276426565,
   1.0471975511965976,
   1.0471975511965976
  ],
  [
   0.14602821457604387,
   -1.0471975511965976,
   0.0634581704662924,
   -1.0471975511965976
  ],
  [
   0.28237932256926046,
   0.24471667310231202,
   -0.5854199701498697,
   -1.0471975511965976
  ],
  [
   -0.9997190867798641,
   -1.0471975511965976,
   1.0471975511965976,
   1.0471975511965976
  ],
  [
   -0.669011145157207,
   -1.0471975511965976,
   -1.0471975511965976,
   0.6638266656471636
  ],
  [
   0.5586981396435392,
   0.9475894275953132,
   -0.4447084050371286,
   0.18529247537023452
  ],
  [
   1.0471975511965976,
   -0.9758334890173954,
   0.453418530471645,
   -1.0471975511965976
  ],
  [
   -0.09489070565890445,
   -0.25541418337574484,
   -1.0471975511965976,
   -1.0471975511965976
  ],
  [
   0.8837376561931062,
   -1.0471975511965976,
   1.0471975511965976,
   -0.7284693460540108
  ],
  [
   1.0471975511965976,
   1.0471975511965976,
   0.19850133316615376,
   1.0471975511965976
  ],
  [
   1.0471975511965976,
   0.3318655150229337,
   1.0471975511965976,
   0.023325552235523295
  ],
  [
   1.0471975511965976,
   0.2320912122983586,
   -1.0471975511965976,
   1.0471975511965976
  ]
 ],
 [
  [
   -1.0471975511965976,
   1.0471975511965976,
   -1.0471975511965976,
   1.0471975511965976
  ],
  [
   1.0471975511965976,
   1.0471975511965976,
   -0.996817818203296,
   -0.23290015132544128
  ],
  [
   -0.7136727453890906,
   1.0471975511965976,
   0.5804556014562234,
   -0.42345141461698
  ],
  [
   -0.15849388413962817,
   1.0471975511965976,
   0.45801626111528737,
   -0.7885086134078023
  ],
  [
   -0.7112705560046332,
   -0.17415716103949652,
   0.9079360151519459,
   -0.7794951137096544
  ],
  [
   1.0471975511965976,
   -1.0471975511965976,
   0.39839391957935166,
   -1.0471975511965976
  ],
  [
   0.4433563731567147,
   0.48018623557594564,
   -0.1597971072104336,
   -1.0471975511965976
  ],
  [
   -1.0471975511965976,
   -0.07900719832271119,
   1.0471975511965976,
   0.2859171112432648
  ],
  [
   0.2409534713616731,
   -0.6485626191932029,
   -1.0471975511965976,
   -0.09870702929369513
  ],
  [
   0.7844922838348443,
   1.0471975511965976,
   -0.8397655730201103,
   0.9307056388568931
  ],
  [
   0.27222636760593333,
   1.0471975511965976,
   -0.07082829278606617,
   1.0471975511965976
  ],
  [
   0.5862613563318031,
   -0.5144680719738874,
   -0.1871877416256763,
   -0.7430195106220999
  ],
  [
   -1.0471975511965976,
   -1.0471975511965976,
   -0.8122856458694545,
   -1.0471975511965976
  ],
  [
   -0.7558197694125657,
   -0.49605979109025994,
   -1.0471975511965976,
   -0.2217352373784444
  ],
  [
   -0.2243213451541265,
   -0.28082581085345126,
   -1.0471975511965976,
   -0.3473200748736924
  ],
  [
   0.7965060333877221,
   0.632339835035127,
   1.0471975511965976,
   -0.7092310216007613
  ],
  [
   -1.0471975511965976,
   -0.1872734603975924,
   0.09295693860492943,
   -1.0471975511965976
  ],
  [
   1.0471975511965976,
   -0.06905695467595101,
   0.09149987880893645,
   1.0471975511965976
  ],
  [
   -0.9782734835493477,
   0.6183809827090924,
   1.0471975511965976,
   -0.8348342484826656
  ],
  [
   1.0471975511965976,
   0.28773922655172346,
   -1.0471975511965976,
   -0.17025938090555748
  ],
  [
   -1.0471975511965976,
   1.0471975511965976,
   -0.6883152553172877,
   -0.2200747127521251
  ],
  [
   1.0471975511965976,
   1.0471975511965976,
   0.24304154085694019,
   0.17979287623589085
  ],
  [
   -0.9522342015281491,
   0.8897588162311033,
   0.010152767321237904,
   1.0471975511965976
  ],
  [
   -0.9731116140038819,
   1.0471975511965976,
   0.13092463082856076,
   -1.0471975511965976
  ],
  [
   0.5892701823975617,
   0.9521927519090154,
   -0.8858031898196221,
   -1.0471975511965976
  ],
  [
   -0.14470306964792018,
   1.0471975511965976,
   -1.0471975511965976,
   0.20583766050751495
  ],
  [
   -0.32502608505897945,
   -0.09446086772728735,
   1.0471975511965976,
   0.3282973198373439
  ],
  [
   -1.0471975511965976,
   -1.0471975511965976,
   0.1508187654993189,
   -0.7832564147094978
  ],
  [
   -0.4756274259347445,
   -0.8621652339272432,
   -0.2033436136781701,
   -0.9578729541304065
  ],
  [
   -0.1643683007260291,
   -1.0471975511965976,
   -1.0471975511965976,
   -0.14760707515440774
  ],
  [
   0.18719945463838095,
   -0.4479774820845479,
   0.6615319697290714,
   -1.0471975511965976
  ],
  [
   -0.06422249874723762,
   -0.43131116045322937,
   -0.44029460060962955,
   0.7534630871917976
  ],
  [
   1.0471975511965976,
   0.4039588434269126,
   1.0471975511965976,
   -1.0471975511965976
  ],
  [
   -1.0471975511965976,
   1.0471975511965976,
   -1.0471975511965976,
   0.537588876557241
  ],
  [
   0.0539174825409874,
   0.19299289169659714,
   0.1475381437888036,
   -1.0471975511965976
  ],
  [
   -1.0471975511965976,
   1.0471975511965976,
   -1.0471975511965976,
   0.8472942274091828
  ],
  [
   -1.0471975511965976,
   1.0471975511965976,
   -0.15039677674365232,
   0.2543413529174034
  ],
  [
   -0.9170014537420952,
   0.9968914488724168,
   -1.0471975511965976,
   -0.5419786310785979
  ],
  [
   -0.6697451744691647,
   -0.7761058037124704,
   -0.844662449084314,
   0.6704095927620644
  ],
  [
   -1.0471975511965976,
   -0.7413345564197945,
   1.0471975511965976,
   0.7420127447556959
  ],
  [
   -0.06933915621830722,
   -0.8764878433321822,
   -0.7548845429265947,
   -0.704297893345233
  ],
  [
   1.0471975511965976,
   1.0471975511965976,
   1.0471975511965976,
   -0.6149406813541578
  ],
  [
   -1.0471975511965976,
   -0.30660717979430385,
   -1.0471975511965976,
   -0.6647669790706252
  ],
  [
   1.0471975511965976,
   -1.0471975511965976,
   0.004145070211044155,
   -0.9534884813957313
  ],
  [
   -0.9081368260156626,
   0.8048269456562351,
   -1.0471975511965976,
   -0.760293151414661
  ],
  [
   0.6913495219285894,
   -1.0471975511965976,
   -1.0471975511965976,
   -0.6162800620244134
  ],
  [
   -1.0471975511965976,
   -0.8943124253637649,
   -0.792128072186698,
   -1.0471975511965976
  ],
  [
   1.0471975511965976,
   1.0471975511965976,
   1.0471975511965976,
   -0.8896808993856232
  ],
  [
   0.16719846195941598,
   1.0471975511965976,
   0.06940388901157601,
   -1.0471975511965976
  ],
  [
   0.7242803409223717,
   0.017993371441849648,
   0.05767065582845343,
   -0.5198379037209548
  ],
  [
   0.3848382306097069,
   -0.6990918613192809,
   0.38502810576917024,
   1.0471975511965976
  ],
  [
   -0.6529558944372792,
   0.5513847140295337,
   -1.0471975511965976,
   0.6668958006441357
  ],
  [
   -1.0471975511965976,
   -1.0471975511965976,
   -0.8257586883927321,
   0.3187365700375687
  ],
  [
   0.5145082023773264,
   0.3424851252738057,
   -0.10145239480287335,
   0.2005689901299682
  ],
  [
   0.580501029670062,
   -1.0471975511965976,
   -0.8546272123435761,
   -1.0471975511965976
  ],
  [
   0.7603898702354873,
   -0.6885837444829932,
   0.052325855678285904,
   -0.7297872557452043
  ],
  [
   -0.6298373638532793,
   0.9161127599263531,
   0.7582804890819508,
   0.5341925952763383
  ],
  [
   1.0471975511965976,
   -0.18294447383708978,
   0.058453485725606935,
   -0.7020877624947889
  ],
  [
   -1.0471975511965976,
   -1.0471975511965976,
   0.8393766461030655,
   0.09430371799290704
  ],
  [
   -0.9003325240073916,
   0.1059759398910346,
   1.0471975511965976,
   0.9128309226207846
  ],
  [
   -0.7759350722559888,
   -0.4146255652913633,
   1.0471975511965976,
   0.8262819114473255
  ],
  [
   -0.09580903180857991,
   1.036334989832422,
   -1.0471975511965976,
   -0.37796130112549425
  ],
  [
   0.18819201453308004,
   -0.8260115320633592,
   1.0471975511965976,
   0.3455805587441261
  ],
  [
   -1.0471975511965976,
   -0.7306959293517181,
   -1.0471975511965976,
   -1.0471975511965976
  ],
  [
   -0.5733540333769409,
   0.07080978792152148,
   -0.550683880748519,
   -1.0471975511965976
  ],
  [
   -1.0234803887391608,
   -1.0471975511965976,
   0.9286876466277281,
   0.9232408966178894
  ],
  [
   -1.0471975511965976,
   0.45839031877009795,
   1.0471975511965976,
   1.0471975511965976
  ],
  [
   -0.717481469609641,
   1.0471975511965976,
   1.0471975511965976,
   -0.6460378331597758
  ],
  [
   0.27401280312262244,
   0.32618937110832047,
   0.44321335076181795,
   -1.0471975511965976
  ],
  [
   1.0471975511965976,
   0.03994494304048313,
   1.0471975511965976,
   0.2771686513406608
  ],
  [
   1.0471975511965976,
   -0.24188993240550502,
   0.7108474797411537,
   -1.0471975511965976
  ],
  [
   -0.6077210790437464,
   -0.964006589812395,
   -0.7604924219181387,
   -1.0471975511965976
  ],
  [
   0.9103563799848896,
   -1.0471975511965976,
   -0.8547298275605932,
   -0.5813271855467352
  ],
  [
   1.0471975511965976,
   0.46399749457431255,
   -0.662857017350272,
   -0.020161324011770565
  ],
  [
   -0.7242549236552649,
   0.103536750547846,
   0.255996734922302,
   -0.9182128614794307
  ],
  [
   -1.03414399055875,
   1.0471975511965976,
   -1.0471975511965976,
   -0.2716731198964114
  ],
  [
   0.06213451716234519,
   -1.0471975511965976,
   1.0471975511965976,
   -1.0471975511965976
  ],
  [
   -1.0471975511965976,
   0.6904328613992011,
   -1.0471975511965976,
   -1.0471975511965976
  ],
  [
   -1.0471975511965976,
   -0.35191555985828094,
   0.03855843210624732,
   0.8461941217159801
  ],
  [
   0.10391941643835934,
   -0.4643708723844974,
   -1.0471975511965976,
   -1.0471975511965976
  ]
 ],
 [
  [
   0.9414348586622405,
   0.266110015058987,
   -0.15488359893703585,
   -0.2937224337772012
  ],
  [
   -0.314672987859388,
   0.9601872006032244,
   -0.9952476232960845,
   0.4634714376756257
  ],
  [
   -0.2601570704080416,
   -0.5169116986317754,
   0.11404840566161223,
   -0.938740397186036
  ],
  [
   0.9646189079181406,
   0.09170876680959106,
   -0.41441312375147565,
   0.5325830201868644
  ],
  [
   -0.9339381396528056,
   0.8772011532611987,
   0.7388290423681467,
   -0.22260066260209432
  ],
  [
   -0.9787931138679171,
   -0.46635715983562076,
   0.7511159487973664,
   0.8399844551518569
  ],
  [
   -0.1047646845389879,
   -0.3977779746674195,
   0.6446966465602026,
   0.44733439599580893
  ],
  [
   -0.7637464457338006,
   -0.9478948720808886,
   -0.13271403863236486,
   0.3124040764629594
  ],
  [
   0.7489669623043107,
   0.28615565439181756,
   0.7130937512763198,
   0.05684784104731877
  ],
  [
   0.7653195439258873,
   0.9983859622044047,
   0.0010024351519888341,
   0.08093634442136954
  ],
  [
   0.10675131238522662,
   -0.9657559626716125,
   -0.16950345849509263,
   -0.7547091671710332
  ],
  [
   -0.5478447555743489,
   0.21402534058921852,
   0.39422039829796107,
   -0.35249465828741966
  ],
  [
   -0.9601021559042353,
   -0.4305757236456451,
   -0.3176639290305281,
   0.4580022249370954
  ],
  [
   0.6027527279705331,
   -0.8087113670798027,
   1.0055141471019124,
   -0.04013145024856679
  ],
  [
   0.294354604742469,
   0.5004334462336046,
   -0.9806912512060523,
   -0.29063429886534453
  ],
  [
   0.8362633902209564,
   -0.9518683773431865,
   0.7727628523843741,
   -0.26635508491068427
  ],
  [
   0.4768225663137171,
   -0.3043944419935386,
   0.6102272797327839,
   0.8842533100585763
  ],
  [
   -0.19928715958599108,
   -0.04809514221568523,
   0.8935622515324788,
   -0.5175229876724938
  ],
  [
   -0.14146922415090124,
   -0.046742125648266075,
   -0.2797143723267419,
   -0.6703158283808206
  ],
  [
   0.5214012866762763,
   -0.11450171205777337,
   0.5730680288794467,
   -0.5053177714880411
  ],
  [
   1.0192054396396781,
   -1.0150314679776118,
   0.7207125282354749,
   -0.2464162919726096
  ],
  [
   0.5890491457387987,
   -0.09603473132104823,
   -0.2837927724374981,
   0.8341483432057495
  ],
  [
   -1.0092994105083353,
   0.7618212641326276,
   0.36099543511841103,
   -0.20568531251559552
  ],
  [
   -0.8549025732630706,
   -0.6709479690040475,
   -0.17987457944107377,
   -0.038149349898988216
  ],
  [
   -0.5423332399233614,
   0.7364653693345733,
   0.8466791697402236,
   -0.08862066882980724
  ],
  [
   0.4986380401070052,
   -0.31847498655643747,
   0.5983340349693447,
   0.3092572242242049
  ],
  [
   -0.8108653450293267,
   0.7851503483768538,
   0.06509633936745662,
   0.23817144586920302
  ],
  [
   -0.5873269953763447,
   -0.90405645278884,
   -0.4989769554015827,
   0.6899443373080989
  ],
  [
   -0.05889106518996401,
   0.04564769443393524,
   0.4728739555360253,
   -0.9660095189162561
  ],
  [
   0.6568754995535548,
   0.9901920763121457,
   -0.10622158580896379,
   -0.6485840758190018
  ],
  [
   -0.761962180471352,
   -0.7991644081939459,
   0.895988219702283,
   0.9359788259069393
  ],
  [
   0.5141932396660593,
   0.9540871459404692,
   0.8143960719714782,
   -0.7158885090004785
  ],
  [
   -0.5100484699709368,
   0.9514327919761114,
   -0.2158018980205726,
   -0.8741588628795145
  ],
  [
   0.19018581205594454,
   0.2332916204709925,
   -0.37636451141646543,
   -0.00020306156037119827
  ],
  [
   0.45491917995084563,
   0.34456026993932753,
   0.07172554837689771,
   -0.6485330628833158
  ],
  [
   -1.0308880628288033,
   0.009380629376628313,
   -0.45504485605349687,
   0.14338961895057656
  ],
  [
   -0.6252245587040398,
   -0.1514048693415111,
   0.2933715162184818,
   0.8309619558389805
  ],
  [
   -0.7495446510686041,
   -0.4743506981615053,
   0.8243051922724973,
   0.6507229753070729
  ],
  [
   0.22864072447694395,
   0.9124086700554439,
   0.5462263947677717,
   -0.5013748589956168
  ],
  [
   -0.7202627798694312,
   -0.015363608556566044,
   0.8757859138093003,
   -0.17951654680072815
  ],
  [
   0.8456568749454856,
   -0.6059938394401038,
   -0.06841863084020428,
   -0.11124829101391831
  ],
  [
   -0.7296618211110029,
   0.09640407108966542,
   -0.33954353481190536,
   -0.0572527615817523
  ],
  [
   -0.5219639552542089,
   -0.9508505325157575,
   -0.49595822023282576,
   -0.3202227558625159
  ],
  [
   -0.7046883546130058,
   0.8221520434213105,
   0.13154302460363132,
   0.513162231002557
  ],
  [
   -0.9689664529131692,
   -0.3134153736428277,
   -0.19938521592125646,
   0.011287752353904112
  ],
  [
   -0.12555887916372477,
   -0.8438988459462253,
   0.5797637988802908,
   -0.1233849911991366
  ],
  [
   1.0317758579468543,
   0.13352142873625872,
   1.0026546059197836,
   0.12396077873213218
  ],
  [
   0.5929054536142013,
   -0.8352967725610301,
   -0.9334635625034294,
   -1.0346736873580655
  ],
  [
   0.6691940610006619,
   0.05317376242273153,
   0.30297893335810455,
   0.21618305405325255
  ],
  [
   -0.5562979225523331,
   -0.5189115457733002,
   -0.4686920390723116,
   -0.8571986533699066
  ],
  [
   -0.49633251783986654,
   0.9088753583753029,
   0.07125614509871903,
   0.81802100020792
  ],
  [
   0.5404377691034348,
   0.807879420891038,
   0.17453432946736092,
   0.3364227995953626
  ],
  [
   0.37808479166536135,
   0.06557903439855273,
   -0.230659609278407,
   -0.4027086875952085
  ],
  [
   0.884708458316311,
   -0.4478361570946805,
   -0.8593252159209501,
   0.5381706685457817
  ],
  [
   -0.4805064777280281,
   -0.7068765740994164,
   1.0150544939272208,
   -0.027075079544808922
  ],
  [
   -0.9486074678220935,
   -0.274629204831379,
   0.6051065026822429,
   -0.34807828904976035
  ],
  [
   -0.3468379812233958,
   0.0754798204627285,
   0.9399290965935343,
   -0.9775912491442618
  ],
  [
   -0.8285273279557814,
   0.4679640518868837,
   -0.009934414384948909,
   0.2684690355203081
  ],
  [
   -0.08060786642173101,
   0.8666986869555873,
   -0.9890921459434399,
   0.42498385521948623
  ],
  [
   0.590280353767332,
   -0.7209177278996883,
   -0.9385437949563739,
   -0.662455813317916
  ],
  [
   -0.20943044257380605,
   -0.23174610431406362,
   0.5193059277599565,
   0.993358183854929
  ],
  [
   0.4230526619086272,
   0.33950679740685374,
   -0.1423825186577452,
   0.4062926064260186
  ],
  [
   0.9500672132014181,
   0.17616905098360935,
   0.17011695381388847,
   -1.0447253661049547
  ],
  [
   0.7675188434650457,
   -0.12102870670031096,
   0.32022644484031915,
   -0.7506394810713106
  ],
  [
   0.009676624915696541,
   -0.007624416794663302,
   1.0042864924303998,
   -0.5303633961829023
  ],
  [
   0.26698070404439656,
   -0.024925085783340073,
   0.34864758213352,
   0.32602176336307265
  ],
  [
   -0.0973452108117745,
   -0.5618251631263703,
   0.3982001587416786,
   0.730334664002565
  ],
  [
   -0.5446772733052523,
   0.7380206592538785,
   0.19426522709961325,
   -0.19278319304096336
  ],
  [
   0.9019119067329915,
   -0.8014516043385385,
   0.15262543680185514,
   -0.031685360040552
  ],
  [
   0.917543809776836,
   0.13309602420676914,
   -0.44907096474630215,
   0.31150472801184437
  ],
  [
   0.21708264221894047,
   -0.9085559448742886,
   -0.6879080008548821,
   0.7970036767996824
  ],
  [
   -1.0334820185393725,
   -1.044938460480152,
   -0.7647554546160802,
   -0.6765281740166111
  ],
  [
   -0.5757754444746311,
   -0.1822842225104102,
   -0.2591947489804153,
   -0.5727487757133812
  ],
  [
   -0.3066764005929158,
   -0.8892185575154612,
   0.39301787645561226,
   0.019232424042718632
  ],
  [
   0.7957844352552847,
   -0.18915131231873994,
   -0.012937198478804701,
   0.4739523791532594
  ],
  [
   -0.8253648551482538,
   0.4983330745767276,
   -0.02047318028270051,
   -0.2940448395137687
  ],
  [
   0.690004914489726,
   0.07338045942762195,
   -0.7017917575165955,
   0.9063142895333924
  ],
  [
   -0.08166493586365198,
   -0.9009658176835342,
   -0.09635865127956478,
   -0.008428311816210954
  ],
  [
   0.5974638329810924,
   0.9990377163248565,
   -0.7061659771704859,
   -1.0280568461380728
  ],
  [
   1.030405878787662,
   0.8157928389028417,
   1.0435064015158868,
   -0.9990731524638133
  ]
 ],
 [
  [
   -0.10794487771956607,
   -0.7179396193707994,
   -0.42461443555532297,
   0.9640084256288686
  ],
  [
   -0.5500014338738859,
   -0.5645024421168543,
   -0.9502457680252014,
   -0.27071153283878013
  ],
  [
   -0.08395382231661841,
   0.018258874054684293,
   -0.04810309073043584,
   -0.2653992321550641
  ],
  [
   0.020162463349568283,
   0.15907409388447857,
   0.203047551462338,
   -0.6966898278543892
  ],
  [
   0.9606625012512409,
   -0.20666355882456744,
   -0.7943220327250204,
   -0.23761009221689733
  ],
  [
   -0.34885052091700086,
   -0.6271833476890356,
   0.42034465636901985,
   -0.7547919850751249
  ],
  [
   0.3870693343704086,
   -0.307040457552362,
   0.7689515503506048,
   0.2806304077428714
  ],
  [
   0.4183753036211453,
   -0.6274304541049082,
   0.7121884555812836,
   0.13233896050420424
  ],
  [
   -0.8502586119935485,
   -0.4214750205256643,
   0.8787261451557935,
   -0.8580030489931986
  ],
  [
   -0.26403948224218043,
   -0.5399647007376768,
   -0.9986891294427558,
   -0.6794610107891
  ],
  [
   -0.6496502349963802,
   -0.5677337284899917,
   0.2180734971497058,
   -0.14130866837038225
  ],
  [
   -0.4912907561137305,
   0.4962928811584062,
   -0.327674470338044,
   0.5086425475490688
  ],
  [
   0.4681656259718059,
   0.7604156213199136,
   -0.3614833858114277,
   0.6450446780595802
  ],
  [
   0.3261878143483474,
   -0.4097678853879311,
   -0.26376637145138926,
   0.8021214415903197
  ],
  [
   1.0042477604444018,
   -0.6782403549690599,
   0.4949599858812983,
   -0.027082280358389665
  ],
  [
   0.7043873426560072,
   -0.4283036035094808,
   -0.7062025087594432,
   -0.5204489169694755
  ],
  [
   -0.18495187469364727,
   0.5290362426255255,
   -0.30270444838110666,
   0.42909792594790996
  ],
  [
   0.6844799413643381,
   -0.41623961303021983,
   -0.13649044710939806,
   0.6887884137501816
  ],
  [
   0.589211092217153,
   0.17842554994921112,
   -0.7671485363831541,
   -0.14322008609234982
  ],
  [
   0.4144372109399985,
   -1.0066352152303635,
   0.10935441382512257,
   -0.24736633793866214
  ],
  [
   0.8488725967564787,
   -0.3408380389283443,
   0.3611732379581203,
   -0.8297062651847731
  ],
  [
   -0.455918526639455,
   -0.5342735310644473,
   0.041093476466775414,
   0.766010255135122
  ],
  [
   -0.2244124929433131,
   -0.7003095637002821,
   -0.8865482939732016,
   -0.3005850859440372
  ],
  [
   -0.13475979757048162,
   0.9138306810176786,
   0.5371491745878987,
   -0.778791785905
  ],
  [
   0.6677890725515776,
   0.25644999058292783,
   0.34349780138013086,
   0.41220759394051965
  ],
  [
   -0.2833373218962738,
   0.41028428427917074,
   0.48883960329900744,
   0.9015189631315301
  ],
  [
   -0.6218483728683365,
   0.513308356705269,
   0.2161805680744855,
   0.5785193431710747
  ],
  [
   -0.3933769791498495,
   0.033642641102581416,
   -1.0125507383137506,
   -0.6191435910984313
  ],
  [
   -0.29228434606653353,
   -0.3503625738881414,
   0.22875742337401128,
   -0.5832338720673034
  ],
  [
   -0.981352533787654,
   0.5658104211524506,
   -0.3405821238236595,
   0.04418857587173619
  ],
  [
   0.7245356558422549,
   -0.4811307427733357,
   0.04687909392271772,
   0.9293020737558566
  ],
  [
   -0.17071070918212228,
   -0.2568359263650445,
   -0.19059861713727244,
   -0.743559696060933
  ],
  [
   -0.777617912385709,
   0.7041575327546488,
   -0.8061170264643814,
   0.695427466986964
  ],
  [
   0.6935491029962291,
   -0.05308190012615699,
   -0.42923653443101517,
   -0.018134339948646216
  ],
  [
   0.9170006560295079,
   -0.15020507923166926,
   -0.027627597880871324,
   0.6003858971121037
  ],
  [
   0.5158022401092466,
   -0.034557130674148784,
   -0.07571293867643303,
   0.8594500303488377
  ],
  [
   -0.8822805381396116,
   -0.9262811236656443,
   -0.5656027849949717,
   0.18788685988877152
  ],
  [
   0.3322331571840089,
   0.6438423142494993,
   0.560030312941663,
   -0.7333139321484139
  ],
  [
   -0.3539629748446175,
   0.7276549143442743,
   -0.026072088465376675,
   0.834699936348716
  ],
  [
   0.2669036053430749,
   0.04907854689898783,
   0.6569873541523441,
   -0.41535074492487634
  ],
  [
   -0.3055096407072829,
   -0.29719870889623246,
   -0.26609257704885647,
   -0.6332802248597394
  ],
  [
   0.3918501050274652,
   0.27238548829288467,
   -1.0189081372976394,
   0.41394304545808347
  ],
  [
   0.3608813591093003,
   -0.056703241246862324,
   -0.3116568559334203,
   -0.8670992339575295
  ],
  [
   -0.3901887344135986,
   1.0279264488186939,
   0.6501368598870982,
   -0.4388437108077009
  ],
  [
   0.029048388240832557,
   0.6714919183027885,
   0.07366252757749758,
   0.03918255237607693
  ],
  [
   0.5635814023011783,
   -0.8559973230004432,
   0.4746703690493763,
   -0.485043664442791
  ],
  [
   0.4572819396883574,
   -0.6808597535512091,
   0.04955963401021002,
   -0.5667291625518263
  ],
  [
   0.81647776590755,
   -0.17814576617753342,
   0.7894292655534199,
   -0.039248101735470664
  ],
  [
   -0.4196449960347933,
   0.6658901176772389,
   0.900869900323161,
   -0.01799257532829679
  ],
  [
   -0.5378077405917955,
   -0.6108069467558104,
   -0.7349975817126362,
   -0.3225136034390814
  ],
  [
   -0.46075946020947367,
   0.02198067957666927,
   -0.3886033082593322,
   0.8236814625434756
  ],
  [
   0.29060035836807097,
   0.4928527485229903,
   0.5076661515458478,
   -0.9784152669787173
  ],
  [
   0.8729952433280461,
   0.13642028003299012,
   0.9684113112612025,
   0.32164193164861965
  ],
  [
   -0.16290758929896765,
   0.5104251832835869,
   0.4324009901818302,
   0.8715729451058565
  ],
  [
   -0.3793339530682206,
   -0.7625455301781257,
   -1.0019424080269186,
   -0.8821967797272472
  ],
  [
   0.6349160023330789,
   -0.8559279307053678,
   0.5766574227680765,
   -0.015473362167515381
  ],
  [
   -0.9103552497919822,
   1.0056302818024807,
   0.517053668660193,
   0.49986876084564336
  ],
  [
   -0.14494819751510013,
   -0.5277720765025903,
   -0.6111897359089336,
   0.6668642887640381
  ],
  [
   0.020880992077202842,
   0.42798372830736353,
   -0.8284340967221928,
   -0.4432064288093548
  ],
  [
   -0.8234605688887948,
   0.3085970943496421,
   -0.4459656489701279,
   0.8279071257479809
  ],
  [
   0.3639406788628232,
   -0.40340528962095157,
   1.0445660287716942,
   -0.7427722204667764
  ],
  [
   -0.022049518191010753,
   -0.4829026877507908,
   -0.1919655800073683,
   -0.485202875509964
  ],
  [
   0.705803409812551,
   -0.4382594086725542,
   -0.5803801870977282,
   -0.6927295546320358
  ],
  [
   -0.2248373015169728,
   -0.4023610792030693,
   0.23756419775773496,
   -0.7309238247251673
  ],
  [
   0.43663469519219755,
   -0.10505303442186265,
   -0.734203525567416,
   0.5166686677705332
  ],
  [
   0.2074168167897712,
   -0.23006866023731598,
   -0.8186924056304722,
   -0.5561632185396184
  ],
  [
   -0.8922356953287158,
   -0.06981995014973397,
   0.6035488102557018,
   0.9867827870212398
  ],
  [
   -0.3281753910781692,
   -0.5302088035103324,
   -0.5986573918817353,
   -1.0304283546765343
  ],
  [
   0.2530801835075829,
   0.6203787065700852,
   -0.5333896533050438,
   0.26798133324580986
  ],
  [
   -0.2599332383612367,
   -0.7355498606851225,
   0.11860668324813606,
   0.14366094118932637
  ],
  [
   0.6651124839676392,
   -0.38421735345368124,
   0.4986742957616108,
   0.29239771571935225
  ],
  [
   0.2516556745707257,
   -0.6802737233554494,
   -0.44253395366768655,
   0.8771932811174588
  ],
  [
   -0.1575499445702564,
   0.3096359729055991,
   0.19061191128926103,
   0.7752176456899766
  ],
  [
   -0.8114459353567316,
   0.42949481907861764,
   -0.4691129257801089,
   0.16889454735742593
  ],
  [
   -0.9856644766881782,
   -0.39280394445114064,
   -0.36535327682463214,
   0.034004042836790926
  ],
  [
   0.18629772567517566,
   0.08632346290122972,
   0.7642634253336491,
   -0.030577162321909768
  ],
  [
   -0.6836324260839503,
   0.9063260657211449,
   -0.4050909157158952,
   -0.930998621299871
  ],
  [
   -0.8489990371989158,
   -0.7011536955057103,
   -0.9168502418024743,
   0.09360469656731141
  ],
  [
   0.01331126770951463,
   -0.019549726267380718,
   -0.29345878077846066,
   -0.7888259520178129
  ],
  [
   0.9581427660041559,
   1.0029478335438442,
   -0.2677973188516076,
   -0.5188868587866253
  ]
 ]
]